book,page,text_len,grpA,grpB,grpC,grpD,grpX,has_li
xianzhi,f-1039,375,0,0,0,0,0,0
xianzhi,f-1040,525,1,0,0,0,0,0
xianzhi,f-1041,417,1,0,0,0,0,0
xianzhi,f-1042,439,0,0,0,0,0,0
xianzhi,f-1043,454,1,0,0,0,0,0
xianzhi,f-1044,420,0,0,0,0,0,0
xianzhi,f-1045,410,0,0,0,0,0,0
xianzhi,f-1046,438,0,0,0,0,0,0
xianzhi,f-1047,429,0,0,0,0,0,0
xianzhi,f-1048,450,0,0,0,0,0,0
xianzhi,f-1049,435,0,0,0,0,0,0
xianzhi,f-1050,416,0,0,0,0,0,0
xianzhi,f-1051,366,0,0,0,0,0,1
xianzhi,f-1052,168,0,0,0,0,0,1
xianzhi,f-1053,100,0,0,0,0,0,0
xianzhi,p-0001,76,0,0,0,0,0,1
xianzhi,p-0002,28,0,0,0,0,0,0
xianzhi,p-0003,191,0,0,0,0,0,0
xianzhi,p-0004,699,0,0,0,0,0,0
xianzhi,p-0005,1777,0,0,0,0,0,0
xianzhi,p-0006,511,1,0,0,0,0,0
xianzhi,p-0007,1493,1,0,0,0,0,0
xianzhi,p-0008,1281,1,0,0,0,0,0
xianzhi,p-0009,1253,1,0,0,0,0,0
xianzhi,p-0010,1319,0,0,0,0,0,0
xianzhi,p-0011,1703,0,0,0,0,0,0
xianzhi,p-0012,785,1,0,0,0,0,0
xianzhi,p-0013,1715,0,0,0,0,0,1
xianzhi,p-0014,1579,0,0,0,0,0,0
xianzhi,p-0015,1515,0,0,0,0,0,0
xianzhi,p-0016,710,1,0,0,0,0,0
xianzhi,p-0017,1190,0,0,0,0,0,0
xianzhi,p-0018,1251,1,0,0,0,0,1
xianzhi,p-0019,1214,0,0,0,0,0,0
xianzhi,p-0020,1195,0,0,0,0,0,0
xianzhi,p-0021,397,0,0,0,0,0,0
xianzhi,p-0022,373,1,0,0,0,0,0
xianzhi,p-0023,658,0,0,0,0,0,0
xianzhi,p-0024,719,1,0,0,0,0,1
xianzhi,p-0025,547,1,0,0,0,0,1
xianzhi,p-0026,640,1,0,0,0,0,0
xianzhi,p-0027,699,1,0,0,0,0,0
xianzhi,p-0028,648,0,0,0,0,0,0
xianzhi,p-0029,643,1,0,0,0,0,0
xianzhi,p-0030,760,1,0,0,0,0,1
xianzhi,p-0031,894,1,0,0,0,0,1
xianzhi,p-0032,819,1,0,0,0,0,0
xianzhi,p-0033,814,1,0,0,0,0,1
xianzhi,p-0034,794,1,0,0,0,0,0
xianzhi,p-0035,843,1,0,0,0,0,1
xianzhi,p-0036,924,1,0,0,0,0,1
xianzhi,p-0037,896,1,0,0,0,0,0
xianzhi,p-0038,861,1,0,0,0,1,0
xianzhi,p-0039,945,1,0,0,0,0,1
xianzhi,p-0040,915,1,0,0,0,0,0
xianzhi,p-0041,902,1,0,0,0,0,0
xianzhi,p-0042,1025,1,0,0,0,0,0
xianzhi,p-0043,866,1,0,0,0,0,0
xianzhi,p-0044,849,1,0,0,0,0,1
xianzhi,p-0045,824,1,0,0,0,0,0
xianzhi,p-0046,911,1,0,0,0,1,0
xianzhi,p-0047,865,1,0,0,0,0,0
xianzhi,p-0048,838,1,0,0,0,0,0
xianzhi,p-0049,960,1,0,0,0,0,0
xianzhi,p-0050,922,1,0,0,0,0,1
xianzhi,p-0051,863,1,0,0,0,0,0
xianzhi,p-0052,787,1,0,0,0,0,0
xianzhi,p-0053,835,1,0,0,0,0,0
xianzhi,p-0054,950,1,0,0,0,0,1
xianzhi,p-0055,893,0,0,0,0,0,0
xianzhi,p-0056,833,1,0,0,0,0,0
xianzhi,p-0057,887,1,0,0,0,0,0
xianzhi,p-0058,884,1,0,0,0,0,0
xianzhi,p-0059,900,0,0,0,0,0,0
xianzhi,p-0060,843,1,0,0,0,0,1
xianzhi,p-0061,905,0,0,0,0,0,1
xianzhi,p-0062,970,1,0,0,0,0,0
xianzhi,p-0063,875,1,0,0,0,0,0
xianzhi,p-0064,905,1,0,0,0,0,0
xianzhi,p-0065,466,0,0,0,0,0,0
xianzhi,p-0066,989,1,0,0,0,0,1
xianzhi,p-0067,1138,1,0,0,0,1,0
xianzhi,p-0068,1165,1,0,0,0,0,0
xianzhi,p-0069,1149,1,0,0,0,1,0
xianzhi,p-0070,1114,1,0,0,0,1,0
xianzhi,p-0071,1079,1,0,0,0,1,0
xianzhi,p-0072,1026,1,0,0,0,1,0
xianzhi,p-0073,1097,1,0,0,0,0,1
xianzhi,p-0074,1183,1,0,0,0,0,1
xianzhi,p-0075,1176,1,0,0,0,0,1
xianzhi,p-0076,1176,1,0,0,0,1,0
xianzhi,p-0077,1047,1,0,0,0,0,1
xianzhi,p-0078,1283,1,0,0,0,1,1
xianzhi,p-0079,1199,1,0,0,0,0,0
xianzhi,p-0080,1179,1,0,0,0,0,0
xianzhi,p-0081,1190,0,0,0,0,1,0
xianzhi,p-0082,1202,1,0,0,0,0,1
xianzhi,p-0083,1282,1,0,0,0,1,0
xianzhi,p-0084,1286,1,0,0,0,1,0
xianzhi,p-0085,1209,1,0,0,0,1,0
xianzhi,p-0086,1078,1,0,0,0,0,0
xianzhi,p-0087,1268,1,0,0,0,0,0
xianzhi,p-0088,1239,0,0,0,0,0,0
xianzhi,p-0089,1171,1,0,0,0,0,0
xianzhi,p-0090,95,0,0,0,0,0,0
xianzhi,p-0091,554,0,0,0,0,0,0
xianzhi,p-0092,977,1,0,0,0,0,0
xianzhi,p-0093,641,0,0,0,0,0,0
xianzhi,p-0094,364,0,0,0,0,0,1
xianzhi,p-0095,437,0,0,0,0,0,1
xianzhi,p-0096,501,0,0,0,0,0,1
xianzhi,p-0097,903,0,0,0,0,0,1
xianzhi,p-0098,1104,0,0,0,0,0,0
xianzhi,p-0099,921,1,0,0,0,0,1
xianzhi,p-0100,896,1,0,0,0,0,0
xianzhi,p-0101,1249,1,0,0,0,0,0
xianzhi,p-0102,1041,1,0,0,0,0,0
xianzhi,p-0103,1113,1,0,0,0,0,0
xianzhi,p-0104,1113,1,0,0,0,0,1
xianzhi,p-0105,1086,1,0,0,0,0,0
xianzhi,p-0106,1210,1,0,0,0,0,1
xianzhi,p-0107,1131,1,0,0,0,0,0
xianzhi,p-0108,1091,1,0,0,0,0,0
xianzhi,p-0109,1168,1,0,0,0,0,1
xianzhi,p-0110,1148,0,0,0,0,0,1
xianzhi,p-0111,1137,1,0,0,0,0,0
xianzhi,p-0112,1143,1,0,0,0,0,0
xianzhi,p-0113,1087,1,0,0,0,0,0
xianzhi,p-0114,1142,1,0,0,0,0,0
xianzhi,p-0115,1192,1,0,0,0,0,0
xianzhi,p-0116,150,0,0,0,0,0,0
xianzhi,p-0117,321,0,0,0,0,0,0
xianzhi,p-0118,750,0,0,0,0,0,1
xianzhi,p-0119,717,0,0,0,0,0,0
xianzhi,p-0120,630,0,0,0,0,0,0
xianzhi,p-0121,453,0,0,0,0,0,0
xianzhi,p-0122,591,0,0,0,0,0,0
xianzhi,p-0123,683,0,0,0,0,0,0
xianzhi,p-0124,1114,0,0,0,0,0,0
xianzhi,p-0125,963,0,0,0,0,0,0
xianzhi,p-0126,922,0,0,0,0,0,0
xianzhi,p-0127,423,0,0,0,0,0,0
xianzhi,p-0128,1190,0,0,0,0,0,0
xianzhi,p-0129,919,0,0,0,0,0,0
xianzhi,p-0130,933,0,0,0,0,0,0
xianzhi,p-0131,718,0,0,0,0,0,0
xianzhi,p-0132,352,0,0,0,0,0,0
xianzhi,p-0133,952,0,0,0,0,0,0
xianzhi,p-0134,1180,0,0,0,0,0,1
xianzhi,p-0135,752,0,0,0,0,0,1
xianzhi,p-0136,336,0,0,0,0,0,1
xianzhi,p-0137,489,0,0,0,0,0,0
xianzhi,p-0138,547,0,0,0,0,0,0
xianzhi,p-0139,811,0,0,0,0,0,0
xianzhi,p-0140,712,1,0,0,0,0,0
xianzhi,p-0141,672,0,0,0,0,0,0
xianzhi,p-0142,826,0,0,0,0,0,0
xianzhi,p-0143,967,0,0,0,0,0,0
xianzhi,p-0144,835,0,0,0,0,0,1
xianzhi,p-0145,1030,0,0,0,0,0,0
xianzhi,p-0146,948,0,0,0,0,0,0
xianzhi,p-0147,1081,0,0,0,0,0,0
xianzhi,p-0148,1014,0,0,0,0,0,0
xianzhi,p-0149,827,1,0,0,0,0,0
xianzhi,p-0150,530,1,0,0,0,0,1
xianzhi,p-0151,546,0,0,0,0,0,0
xianzhi,p-0152,1095,1,0,0,0,0,0
xianzhi,p-0153,713,0,0,0,0,1,0
xianzhi,p-0154,938,0,0,0,0,1,0
xianzhi,p-0155,814,1,0,0,0,0,0
xianzhi,p-0156,1226,0,0,0,0,1,0
xianzhi,p-0157,774,0,0,0,0,0,0
xianzhi,p-0158,804,0,0,0,0,0,0
xianzhi,p-0159,687,0,0,0,0,0,0
xianzhi,p-0160,543,0,0,0,0,0,0
xianzhi,p-0161,512,0,0,0,0,0,1
xianzhi,p-0162,963,0,0,0,0,0,0
xianzhi,p-0163,903,0,0,0,0,0,0
xianzhi,p-0164,1063,0,0,0,0,0,0
xianzhi,p-0165,850,0,0,0,0,0,1
xianzhi,p-0166,768,0,0,0,0,0,0
xianzhi,p-0167,641,0,0,0,0,0,0
xianzhi,p-0168,1023,0,0,0,0,0,1
xianzhi,p-0169,1122,0,0,0,0,0,0
xianzhi,p-0170,676,0,0,0,0,0,0
xianzhi,p-0171,643,0,0,0,0,0,0
xianzhi,p-0172,925,1,0,0,0,0,0
xianzhi,p-0173,1002,1,0,0,0,0,0
xianzhi,p-0174,925,0,0,0,0,1,0
xianzhi,p-0175,361,0,0,0,0,0,0
xianzhi,p-0176,591,0,0,0,0,0,1
xianzhi,p-0177,1213,1,0,0,0,0,1
xianzhi,p-0178,912,1,0,0,0,1,1
xianzhi,p-0179,868,1,0,0,0,1,1
xianzhi,p-0180,969,1,0,0,0,0,0
xianzhi,p-0181,717,0,0,0,0,0,1
xianzhi,p-0182,701,0,0,0,0,0,1
xianzhi,p-0183,880,1,0,0,0,0,1
xianzhi,p-0184,1237,1,0,0,0,0,0
xianzhi,p-0185,1169,1,0,0,0,0,0
xianzhi,p-0186,127,0,0,0,0,0,0
xianzhi,p-0187,1191,1,0,0,0,0,1
xianzhi,p-0188,1014,1,0,0,0,0,0
xianzhi,p-0189,1175,1,0,0,0,1,0
xianzhi,p-0190,799,1,0,0,0,0,0
xianzhi,p-0191,949,1,0,0,0,0,0
xianzhi,p-0192,1316,1,0,0,0,0,0
xianzhi,p-0193,1183,1,0,0,0,1,0
xianzhi,p-0194,1204,1,0,0,0,1,0
xianzhi,p-0195,1257,1,0,0,0,1,0
xianzhi,p-0196,1155,1,0,0,0,0,0
xianzhi,p-0197,1180,1,0,0,0,0,1
xianzhi,p-0198,1070,1,0,0,0,0,0
xianzhi,p-0199,986,1,0,0,0,0,0
xianzhi,p-0200,785,1,0,0,0,0,0
xianzhi,p-0201,1179,1,0,0,0,1,1
xianzhi,p-0202,1098,1,0,0,0,1,0
xianzhi,p-0203,904,1,0,0,0,0,0
xianzhi,p-0204,1023,1,0,0,0,0,1
xianzhi,p-0205,974,1,0,0,0,0,0
xianzhi,p-0206,1227,1,0,0,0,0,0
xianzhi,p-0207,1104,1,0,0,0,0,0
xianzhi,p-0208,1120,1,0,0,0,0,0
xianzhi,p-0209,1135,1,0,0,0,0,0
xianzhi,p-0210,858,1,0,0,0,0,1
xianzhi,p-0211,956,1,0,0,0,0,1
xianzhi,p-0212,181,1,0,0,0,0,0
xianzhi,p-0213,452,1,0,0,0,1,0
xianzhi,p-0214,768,1,0,0,0,0,1
xianzhi,p-0215,991,1,0,0,0,1,0
xianzhi,p-0216,971,1,0,0,0,1,0
xianzhi,p-0217,1252,1,0,0,0,0,1
xianzhi,p-0218,915,1,0,0,0,0,0
xianzhi,p-0219,1183,1,0,0,0,0,0
xianzhi,p-0220,1135,0,0,0,0,0,0
xianzhi,p-0221,1077,0,0,0,0,0,0
xianzhi,p-0222,920,0,0,0,0,0,0
xianzhi,p-0223,909,0,0,0,0,0,0
xianzhi,p-0224,521,0,0,0,0,0,0
xianzhi,p-0225,355,0,0,0,0,0,1
xianzhi,p-0226,557,0,0,0,0,0,0
xianzhi,p-0227,273,0,0,0,0,0,0
xianzhi,p-0228,414,0,0,0,0,1,0
xianzhi,p-0229,493,0,0,0,0,0,1
xianzhi,p-0230,668,0,0,0,0,0,0
xianzhi,p-0231,1194,1,0,0,0,0,0
xianzhi,p-0232,1260,1,0,0,0,1,0
xianzhi,p-0233,973,1,0,0,0,0,0
xianzhi,p-0234,499,0,0,0,0,0,1
xianzhi,p-0235,477,0,0,0,0,0,1
xianzhi,p-0236,487,0,0,0,0,0,0
xianzhi,p-0237,813,1,0,0,0,0,1
xianzhi,p-0238,650,1,0,0,0,0,0
xianzhi,p-0239,667,1,0,0,0,1,0
xianzhi,p-0240,369,0,0,0,0,0,1
xianzhi,p-0241,627,1,0,0,0,0,1
xianzhi,p-0242,1132,1,0,0,0,1,0
xianzhi,p-0243,1027,1,0,0,0,1,1
xianzhi,p-0244,1198,1,0,0,0,1,1
xianzhi,p-0245,1120,1,0,0,0,0,1
xianzhi,p-0246,1218,1,0,0,0,1,0
xianzhi,p-0247,849,1,0,0,0,0,0
xianzhi,p-0248,1013,1,0,0,0,0,1
xianzhi,p-0249,201,1,0,0,0,0,0
xianzhi,p-0250,445,1,0,0,0,0,0
xianzhi,p-0251,935,1,0,0,0,0,0
xianzhi,p-0252,876,1,0,0,0,0,1
xianzhi,p-0253,701,1,0,0,0,0,0
xianzhi,p-0254,570,1,0,0,0,0,1
xianzhi,p-0255,1000,1,0,0,0,0,0
xianzhi,p-0256,917,1,0,0,0,0,0
xianzhi,p-0257,877,1,0,0,0,1,0
xianzhi,p-0258,776,1,0,0,0,0,0
xianzhi,p-0259,1107,0,0,0,0,0,0
xianzhi,p-0260,1073,1,0,0,0,0,1
xianzhi,p-0261,922,1,0,0,0,0,0
xianzhi,p-0262,545,1,0,0,0,1,0
xianzhi,p-0263,595,1,0,0,0,0,0
xianzhi,p-0264,928,1,0,0,0,0,0
xianzhi,p-0265,783,1,0,0,0,0,1
xianzhi,p-0266,684,1,0,0,0,0,0
xianzhi,p-0267,839,1,0,0,0,0,0
xianzhi,p-0268,1074,1,0,0,0,0,0
xianzhi,p-0269,1069,1,0,0,0,1,1
xianzhi,p-0270,1117,1,0,0,0,0,0
xianzhi,p-0271,998,1,0,0,0,0,0
xianzhi,p-0272,1199,1,0,0,0,0,0
xianzhi,p-0273,961,1,0,0,0,0,0
xianzhi,p-0274,1125,1,0,0,0,0,0
xianzhi,p-0275,1280,1,0,0,0,0,0
xianzhi,p-0276,968,1,0,0,0,0,1
xianzhi,p-0277,1013,1,0,0,0,1,0
xianzhi,p-0278,896,1,0,0,0,1,0
xianzhi,p-0279,1156,1,0,0,0,1,0
xianzhi,p-0280,1143,1,0,0,0,0,0
xianzhi,p-0281,947,1,0,0,0,1,0
xianzhi,p-0282,1186,1,0,0,0,1,0
xianzhi,p-0283,1012,1,0,0,0,0,0
xianzhi,p-0284,963,1,0,0,0,0,0
xianzhi,p-0285,756,1,0,0,0,0,0
xianzhi,p-0286,1052,1,0,0,0,0,0
xianzhi,p-0287,699,1,0,0,0,0,0
xianzhi,p-0288,678,1,0,0,0,0,0
xianzhi,p-0289,1316,1,0,0,0,1,0
xianzhi,p-0290,986,1,0,0,0,0,0
xianzhi,p-0291,1127,1,0,0,0,1,0
xianzhi,p-0292,202,1,0,0,0,0,0
xianzhi,p-0293,549,1,0,0,0,0,0
xianzhi,p-0294,1192,0,0,0,0,0,0
xianzhi,p-0295,1048,0,0,0,0,0,0
xianzhi,p-0296,981,0,0,0,0,0,0
xianzhi,p-0297,1092,1,0,0,0,0,0
xianzhi,p-0298,921,1,0,0,0,0,1
xianzhi,p-0299,870,1,0,0,0,1,0
xianzhi,p-0300,579,1,0,0,0,0,1
xianzhi,p-0301,993,1,0,0,0,0,0
xianzhi,p-0302,812,0,0,0,0,0,0
xianzhi,p-0303,724,1,0,0,0,0,0
xianzhi,p-0304,1198,1,0,0,0,0,0
xianzhi,p-0305,1215,0,0,0,0,0,0
xianzhi,p-0306,1010,1,0,0,0,0,0
xianzhi,p-0307,1112,0,0,0,0,0,0
xianzhi,p-0308,943,1,0,0,0,0,0
xianzhi,p-0309,683,1,0,0,0,1,0
xianzhi,p-0310,1141,0,0,0,0,0,0
xianzhi,p-0311,736,1,0,0,0,0,0
xianzhi,p-0312,775,1,0,0,0,0,0
xianzhi,p-0313,1093,1,0,0,0,1,0
xianzhi,p-0314,943,1,0,0,0,0,0
xianzhi,p-0315,602,0,0,0,0,0,0
xianzhi,p-0316,1155,1,0,0,0,0,0
xianzhi,p-0317,696,1,0,0,0,0,0
xianzhi,p-0318,988,1,0,0,0,0,0
xianzhi,p-0319,764,0,0,0,0,0,0
xianzhi,p-0320,825,1,0,0,0,0,0
xianzhi,p-0321,1113,1,0,0,0,0,0
xianzhi,p-0322,1088,0,0,0,0,0,0
xianzhi,p-0323,608,0,0,0,0,0,1
xianzhi,p-0324,954,0,0,0,0,0,0
xianzhi,p-0325,1333,0,0,0,0,0,0
xianzhi,p-0326,1312,1,0,0,0,0,0
xianzhi,p-0327,1318,1,0,0,0,0,0
xianzhi,p-0328,728,0,0,0,0,0,0
xianzhi,p-0329,486,1,0,0,0,0,0
xianzhi,p-0330,1000,1,0,0,0,0,0
xianzhi,p-0331,898,1,0,0,0,0,0
xianzhi,p-0332,1210,1,0,0,0,0,0
xianzhi,p-0333,1064,1,0,0,0,0,0
xianzhi,p-0334,895,1,0,0,0,0,0
xianzhi,p-0335,1045,1,0,0,0,1,0
xianzhi,p-0336,948,0,0,0,0,0,0
xianzhi,p-0337,905,1,0,0,0,0,0
xianzhi,p-0338,833,0,0,0,0,1,0
xianzhi,p-0339,1019,1,0,0,0,1,0
xianzhi,p-0340,1060,1,0,0,0,1,0
xianzhi,p-0341,841,1,0,0,0,1,0
xianzhi,p-0342,946,1,0,0,0,1,0
xianzhi,p-0343,1213,1,0,0,0,0,0
xianzhi,p-0344,468,1,0,0,0,1,0
xianzhi,p-0345,1260,1,0,0,0,0,1
xianzhi,p-0346,1105,0,0,0,0,0,1
xianzhi,p-0347,1131,0,0,0,0,0,1
xianzhi,p-0348,1073,1,0,0,0,0,1
xianzhi,p-0349,1063,0,0,0,0,0,1
xianzhi,p-0350,771,0,0,0,0,0,0
xianzhi,p-0351,953,1,0,0,0,0,1
xianzhi,p-0352,1158,0,0,0,0,0,1
xianzhi,p-0353,1069,0,0,0,0,0,0
xianzhi,p-0354,770,0,0,0,0,0,0
xianzhi,p-0355,1192,1,0,0,0,0,0
xianzhi,p-0356,797,1,0,0,0,0,0
xianzhi,p-0357,382,1,0,0,0,0,0
xianzhi,p-0358,720,0,0,0,0,0,0
xianzhi,p-0359,464,1,0,0,0,0,0
xianzhi,p-0360,604,1,0,0,0,0,0
xianzhi,p-0361,951,1,0,0,0,0,1
xianzhi,p-0362,576,1,0,0,0,1,0
xianzhi,p-0363,902,1,0,0,0,1,0
xianzhi,p-0364,914,1,0,0,0,1,0
xianzhi,p-0365,1128,1,0,0,0,1,0
xianzhi,p-0366,801,1,0,0,0,1,0
xianzhi,p-0367,1017,1,0,0,0,1,0
xianzhi,p-0368,778,1,0,0,0,0,0
xianzhi,p-0369,722,0,0,0,0,1,0
xianzhi,p-0370,1017,1,0,0,0,0,0
xianzhi,p-0371,894,1,0,0,0,0,1
xianzhi,p-0372,1090,1,0,0,0,0,1
xianzhi,p-0373,1144,1,0,0,0,0,1
xianzhi,p-0374,1094,1,0,0,0,1,1
xianzhi,p-0375,976,1,0,0,0,0,1
xianzhi,p-0376,591,1,0,0,0,0,0
xianzhi,p-0377,1073,1,0,0,0,0,1
xianzhi,p-0378,941,1,0,0,0,0,1
xianzhi,p-0379,786,1,0,0,0,0,0
xianzhi,p-0380,988,1,0,0,0,0,1
xianzhi,p-0381,847,1,0,0,0,0,1
xianzhi,p-0382,882,1,0,0,0,0,0
xianzhi,p-0383,804,1,0,0,0,0,1
xianzhi,p-0384,635,0,0,0,0,0,0
xianzhi,p-0385,1212,0,0,0,0,0,0
xianzhi,p-0386,1241,1,0,0,0,0,0
xianzhi,p-0387,1181,0,0,0,0,0,0
xianzhi,p-0388,1374,0,0,0,0,0,0
xianzhi,p-0389,1089,1,0,0,0,0,0
xianzhi,p-0390,987,1,0,0,0,0,0
xianzhi,p-0391,915,0,0,0,0,1,0
xianzhi,p-0392,1182,0,0,0,0,0,0
xianzhi,p-0393,933,0,0,0,0,0,0
xianzhi,p-0394,861,0,0,0,0,0,0
xianzhi,p-0395,859,0,0,0,0,0,0
xianzhi,p-0396,1361,1,0,0,0,0,0
xianzhi,p-0397,964,0,0,0,0,0,0
xianzhi,p-0398,984,0,0,0,0,0,0
xianzhi,p-0399,1308,0,0,0,0,0,0
xianzhi,p-0400,1079,0,0,0,0,0,0
xianzhi,p-0401,1143,0,0,0,0,0,0
xianzhi,p-0402,1224,0,0,0,0,0,0
xianzhi,p-0403,191,0,0,0,0,0,0
xianzhi,p-0404,256,1,0,0,0,0,0
xianzhi,p-0405,987,1,0,0,0,0,0
xianzhi,p-0406,669,1,0,0,0,0,0
xianzhi,p-0407,1106,1,0,0,0,0,0
xianzhi,p-0408,1098,1,0,0,0,0,0
xianzhi,p-0409,763,0,0,0,0,0,0
xianzhi,p-0410,804,1,0,0,0,0,0
xianzhi,p-0411,740,0,0,0,0,0,0
xianzhi,p-0412,865,0,0,0,0,0,0
xianzhi,p-0413,579,0,0,0,0,0,0
xianzhi,p-0414,906,0,0,0,0,0,0
xianzhi,p-0415,827,0,0,0,0,0,0
xianzhi,p-0416,864,0,0,0,0,0,0
xianzhi,p-0417,847,0,0,0,0,0,0
xianzhi,p-0418,810,0,0,0,0,0,0
xianzhi,p-0419,738,0,0,0,0,0,0
xianzhi,p-0420,900,1,0,0,0,0,1
xianzhi,p-0421,673,1,0,0,0,0,0
xianzhi,p-0422,1236,1,0,0,0,0,0
xianzhi,p-0423,1191,0,0,0,0,0,0
xianzhi,p-0424,1032,1,0,0,0,0,0
xianzhi,p-0425,1121,0,0,0,0,0,0
xianzhi,p-0426,1292,0,0,0,0,1,0
xianzhi,p-0427,1271,1,0,0,0,0,0
xianzhi,p-0428,656,0,0,0,0,0,0
xianzhi,p-0429,1103,1,0,0,0,0,0
xianzhi,p-0430,880,0,0,0,0,0,0
xianzhi,p-0431,921,0,0,0,0,0,0
xianzhi,p-0432,667,0,0,0,0,0,0
xianzhi,p-0433,619,0,0,0,0,0,0
xianzhi,p-0434,500,0,0,0,0,0,0
xianzhi,p-0435,1177,1,0,0,0,0,0
xianzhi,p-0436,1133,1,0,0,0,0,1
xianzhi,p-0437,280,0,0,0,0,0,1
xianzhi,p-0438,906,0,0,0,0,1,0
xianzhi,p-0439,624,0,0,0,0,0,0
xianzhi,p-0440,1032,1,0,0,0,0,0
xianzhi,p-0441,1040,1,0,0,0,0,0
xianzhi,p-0442,624,1,0,0,0,0,0
xianzhi,p-0443,646,1,0,0,0,0,0
xianzhi,p-0444,782,1,0,0,0,0,0
xianzhi,p-0445,874,0,0,0,0,0,0
xianzhi,p-0446,772,1,0,0,0,1,0
xianzhi,p-0447,766,1,0,0,0,0,0
xianzhi,p-0448,270,1,0,0,0,0,0
xianzhi,p-0449,547,0,0,0,0,0,0
xianzhi,p-0450,885,1,0,0,0,0,0
xianzhi,p-0451,1032,0,0,0,0,0,0
xianzhi,p-0452,933,0,0,0,0,0,0
xianzhi,p-0453,561,0,0,0,0,0,1
xianzhi,p-0454,690,0,0,0,0,0,0
xianzhi,p-0455,1195,1,0,0,0,0,0
xianzhi,p-0456,834,0,0,0,0,0,0
xianzhi,p-0457,867,1,0,0,0,0,1
xianzhi,p-0458,979,0,0,0,0,0,0
xianzhi,p-0459,1173,0,0,0,0,0,0
xianzhi,p-0460,1261,0,0,0,0,0,0
xianzhi,p-0461,1173,0,0,0,0,0,0
xianzhi,p-0462,1046,0,0,0,0,0,0
xianzhi,p-0463,791,1,0,0,0,0,0
xianzhi,p-0464,889,1,0,0,0,0,0
xianzhi,p-0465,823,0,0,0,0,0,0
xianzhi,p-0466,1058,1,0,0,0,0,0
xianzhi,p-0467,1134,1,0,0,0,0,1
xianzhi,p-0468,860,1,0,0,0,0,0
xianzhi,p-0469,1186,1,0,0,0,0,0
xianzhi,p-0470,1128,1,0,0,0,0,0
xianzhi,p-0471,1136,0,0,0,0,0,0
xianzhi,p-0472,903,1,0,0,0,0,0
xianzhi,p-0473,1023,1,0,0,0,0,0
xianzhi,p-0474,664,0,0,0,0,1,0
xianzhi,p-0475,603,0,0,0,0,0,0
xianzhi,p-0476,787,0,0,0,0,0,0
xianzhi,p-0477,553,0,0,0,0,0,0
xianzhi,p-0478,668,0,0,0,0,0,1
xianzhi,p-0479,532,0,0,0,0,0,0
xianzhi,p-0480,544,1,0,0,0,0,0
xianzhi,p-0481,551,0,0,0,0,0,1
xianzhi,p-0482,504,0,0,0,0,0,0
xianzhi,p-0483,476,0,0,0,0,0,0
xianzhi,p-0484,852,0,0,0,0,0,0
xianzhi,p-0485,998,0,0,0,0,0,1
xianzhi,p-0486,740,0,0,0,0,0,1
xianzhi,p-0487,544,0,0,0,0,0,1
xianzhi,p-0488,716,1,0,0,0,0,0
xianzhi,p-0489,785,1,0,0,0,0,0
xianzhi,p-0490,862,1,0,0,0,0,0
xianzhi,p-0491,1043,1,0,0,0,0,0
xianzhi,p-0492,1206,1,0,0,0,0,0
xianzhi,p-0493,753,1,0,0,0,0,0
xianzhi,p-0494,889,0,0,0,0,0,0
xianzhi,p-0495,1109,1,0,0,0,0,0
xianzhi,p-0496,904,1,0,0,0,0,0
xianzhi,p-0497,962,1,0,0,0,0,0
xianzhi,p-0498,890,0,0,0,0,0,0
xianzhi,p-0499,418,0,0,0,0,0,0
xianzhi,p-0500,793,0,0,0,0,0,1
xianzhi,p-0501,1100,1,0,0,0,0,0
xianzhi,p-0502,1300,1,0,0,0,0,1
xianzhi,p-0503,1310,1,0,0,0,0,1
xianzhi,p-0504,1128,0,0,0,0,0,0
xianzhi,p-0505,690,1,0,0,0,0,0
xianzhi,p-0506,1059,1,0,0,0,0,0
xianzhi,p-0507,883,0,0,0,0,0,0
xianzhi,p-0508,892,0,0,0,0,0,1
xianzhi,p-0509,984,1,0,0,0,0,0
xianzhi,p-0510,854,1,0,0,0,0,0
xianzhi,p-0511,600,0,0,0,0,0,0
xianzhi,p-0512,639,0,0,0,0,0,1
xianzhi,p-0513,946,1,0,0,0,0,0
xianzhi,p-0514,851,0,0,0,0,0,0
xianzhi,p-0515,931,1,0,0,0,0,1
xianzhi,p-0516,869,1,0,0,0,1,0
xianzhi,p-0517,505,0,0,0,0,0,0
xianzhi,p-0518,646,0,0,0,0,0,0
xianzhi,p-0519,1200,0,0,0,0,0,0
xianzhi,p-0520,1296,0,0,0,0,0,0
xianzhi,p-0521,978,0,0,0,0,0,0
xianzhi,p-0522,1203,0,0,0,0,0,0
xianzhi,p-0523,1132,0,0,0,0,0,0
xianzhi,p-0524,988,0,0,0,0,0,0
xianzhi,p-0525,867,0,0,0,0,0,0
xianzhi,p-0526,1008,0,0,0,0,0,0
xianzhi,p-0527,1054,0,0,0,0,0,0
xianzhi,p-0528,1022,0,0,0,0,0,0
xianzhi,p-0529,1145,1,0,0,0,1,0
xianzhi,p-0530,705,0,0,0,0,1,0
xianzhi,p-0531,597,0,0,0,0,0,0
xianzhi,p-0532,600,0,0,0,0,0,0
xianzhi,p-0533,930,0,0,0,0,0,0
xianzhi,p-0534,668,0,0,0,0,0,0
xianzhi,p-0535,530,0,0,0,0,1,0
xianzhi,p-0536,1025,0,0,0,0,0,0
xianzhi,p-0537,992,0,0,0,0,0,0
xianzhi,p-0538,1239,0,0,0,0,1,0
xianzhi,p-0539,1109,0,0,0,0,0,0
xianzhi,p-0540,999,0,0,0,0,0,0
xianzhi,p-0541,1167,1,0,0,0,0,1
xianzhi,p-0542,1211,0,0,0,0,0,0
xianzhi,p-0543,1115,1,0,0,0,0,0
xianzhi,p-0544,1081,0,0,0,0,0,0
xianzhi,p-0545,1052,0,0,0,0,0,1
xianzhi,p-0546,974,0,0,0,0,0,0
xianzhi,p-0547,897,0,0,0,0,0,1
xianzhi,p-0548,958,0,0,0,0,0,0
xianzhi,p-0549,1025,0,0,0,0,0,1
xianzhi,p-0550,890,1,0,0,0,0,0
xianzhi,p-0551,928,0,0,0,0,0,0
xianzhi,p-0552,786,0,0,0,0,0,0
xianzhi,p-0553,997,0,0,0,0,0,0
xianzhi,p-0554,1074,1,0,0,0,0,0
xianzhi,p-0555,526,0,0,0,0,0,0
xianzhi,p-0556,361,1,0,0,0,0,0
xianzhi,p-0557,485,1,0,0,0,0,0
xianzhi,p-0558,503,0,0,0,0,1,0
xianzhi,p-0559,542,1,0,0,0,0,0
xianzhi,p-0560,1147,0,0,0,0,0,0
xianzhi,p-0561,995,0,0,0,0,0,0
xianzhi,p-0562,1024,0,0,0,0,0,0
xianzhi,p-0563,987,0,0,0,0,0,0
xianzhi,p-0564,996,0,0,0,0,0,0
xianzhi,p-0565,1191,0,0,0,0,0,0
xianzhi,p-0566,1120,0,0,0,0,0,0
xianzhi,p-0567,550,0,0,0,0,0,0
xianzhi,p-0568,966,0,0,0,0,0,0
xianzhi,p-0569,1080,0,0,0,0,0,0
xianzhi,p-0570,1076,1,0,0,0,0,0
xianzhi,p-0571,932,1,0,0,0,0,0
xianzhi,p-0572,734,0,0,0,0,0,1
xianzhi,p-0573,725,0,0,0,0,0,0
xianzhi,p-0574,1161,0,0,0,0,0,0
xianzhi,p-0575,858,0,0,0,0,0,0
xianzhi,p-0576,1104,0,0,0,0,0,0
xianzhi,p-0577,1070,0,0,0,0,0,0
xianzhi,p-0578,1316,1,0,0,0,0,0
xianzhi,p-0579,1015,1,0,0,0,0,1
xianzhi,p-0580,825,1,0,0,0,0,0
xianzhi,p-0581,1103,1,0,0,0,0,0
xianzhi,p-0582,918,1,0,0,0,0,0
xianzhi,p-0583,0,0,0,0,0,0,0
xianzhi,p-0584,742,0,0,0,0,0,0
xianzhi,p-0585,845,0,0,0,0,0,0
xianzhi,p-0586,1226,0,0,0,0,0,0
xianzhi,p-0587,939,0,0,0,0,0,0
xianzhi,p-0588,997,0,0,0,0,0,0
xianzhi,p-0589,981,0,0,0,0,0,0
xianzhi,p-0590,609,1,0,0,0,0,0
xianzhi,p-0591,1069,0,0,0,0,0,0
xianzhi,p-0592,951,0,0,0,0,0,0
xianzhi,p-0593,1098,1,0,0,0,0,0
xianzhi,p-0594,892,1,0,0,0,0,0
xianzhi,p-0595,1047,1,0,0,0,0,0
xianzhi,p-0596,694,0,0,0,0,0,0
xianzhi,p-0597,959,1,0,0,0,1,0
xianzhi,p-0598,667,1,0,0,0,0,0
xianzhi,p-0599,514,0,0,0,0,0,0
xianzhi,p-0600,1109,0,0,0,0,0,0
xianzhi,p-0601,1137,1,0,0,0,0,0
xianzhi,p-0602,1244,0,0,0,0,0,0
xianzhi,p-0603,942,0,0,0,0,0,0
xianzhi,p-0604,881,0,0,0,0,0,0
xianzhi,p-0605,1230,1,0,0,0,0,0
xianzhi,p-0606,1175,0,0,0,0,0,0
xianzhi,p-0607,1182,1,0,0,0,0,0
xianzhi,p-0608,1077,0,0,0,0,0,0
xianzhi,p-0609,968,0,0,0,0,0,0
xianzhi,p-0610,1298,1,0,0,0,0,0
xianzhi,p-0611,828,0,0,0,0,0,0
xianzhi,p-0612,1041,0,0,0,0,1,0
xianzhi,p-0613,1129,0,0,0,0,0,0
xianzhi,p-0614,1077,0,0,0,0,0,0
xianzhi,p-0615,1124,0,0,0,0,0,0
xianzhi,p-0616,1126,1,0,0,0,0,0
xianzhi,p-0617,1160,0,0,0,0,0,0
xianzhi,p-0618,959,0,0,0,0,0,0
xianzhi,p-0619,1104,0,0,0,0,0,0
xianzhi,p-0620,904,0,0,0,0,0,0
xianzhi,p-0621,1188,1,0,0,0,0,0
xianzhi,p-0622,843,0,0,0,0,0,0
xianzhi,p-0623,760,0,0,0,0,0,0
xianzhi,p-0624,1025,0,0,0,0,0,0
xianzhi,p-0625,947,1,0,0,0,0,0
xianzhi,p-0626,1237,1,0,0,0,0,0
xianzhi,p-0627,1116,0,0,0,0,0,0
xianzhi,p-0628,875,0,0,0,0,0,0
xianzhi,p-0629,763,0,0,0,0,0,1
xianzhi,p-0630,910,0,0,0,0,0,0
xianzhi,p-0631,962,1,0,0,0,0,1
xianzhi,p-0632,904,0,0,0,0,0,0
xianzhi,p-0633,1239,0,0,0,0,0,0
xianzhi,p-0634,1076,0,0,0,0,1,0
xianzhi,p-0635,1043,0,0,0,0,0,0
xianzhi,p-0636,996,0,0,0,0,0,0
xianzhi,p-0637,1132,1,0,0,0,0,0
xianzhi,p-0638,1257,1,0,0,0,0,0
xianzhi,p-0639,587,1,0,0,0,1,0
xianzhi,p-0640,973,1,0,0,0,0,0
xianzhi,p-0641,849,0,0,0,0,0,0
xianzhi,p-0642,1228,1,0,0,0,0,0
xianzhi,p-0643,1277,0,0,0,0,0,0
xianzhi,p-0644,1155,0,0,0,0,0,0
xianzhi,p-0645,1244,1,0,0,0,0,0
xianzhi,p-0646,1070,0,0,0,0,0,0
xianzhi,p-0647,1194,0,0,0,0,0,0
xianzhi,p-0648,1091,1,0,0,0,0,0
xianzhi,p-0649,945,0,0,0,0,0,0
xianzhi,p-0650,1094,0,0,0,0,0,0
xianzhi,p-0651,833,1,0,0,0,0,0
xianzhi,p-0652,650,0,0,0,0,0,0
xianzhi,p-0653,613,0,0,0,0,0,0
xianzhi,p-0654,932,0,0,0,0,1,1
xianzhi,p-0655,620,1,0,0,0,0,0
xianzhi,p-0656,500,1,0,0,0,0,0
xianzhi,p-0657,408,0,0,0,0,0,0
xianzhi,p-0658,232,0,0,0,0,0,1
xianzhi,p-0659,409,0,0,0,0,0,0
xianzhi,p-0660,362,0,0,0,0,0,0
xianzhi,p-0661,787,0,0,0,0,0,0
xianzhi,p-0662,745,0,0,0,0,0,0
xianzhi,p-0663,674,0,0,0,0,0,0
xianzhi,p-0664,787,0,0,0,0,0,0
xianzhi,p-0665,925,0,0,0,0,0,0
xianzhi,p-0666,915,0,0,0,0,1,0
xianzhi,p-0667,419,0,0,0,0,1,0
xianzhi,p-0668,1221,1,0,0,0,0,0
xianzhi,p-0669,1028,1,0,0,0,0,0
xianzhi,p-0670,999,0,0,0,0,0,0
xianzhi,p-0671,1113,1,0,0,0,0,0
xianzhi,p-0672,1131,0,0,0,0,1,0
xianzhi,p-0673,937,0,0,0,0,0,0
xianzhi,p-0674,133,0,0,0,0,0,0
xianzhi,p-0675,326,0,0,0,0,0,0
xianzhi,p-0676,615,0,0,0,0,0,0
xianzhi,p-0677,942,0,0,0,0,0,0
xianzhi,p-0678,559,0,0,0,0,0,0
xianzhi,p-0679,469,0,0,0,0,0,0
xianzhi,p-0680,821,1,0,0,0,0,0
xianzhi,p-0681,1207,0,0,0,0,0,0
xianzhi,p-0682,780,1,0,0,0,0,0
xianzhi,p-0683,876,0,0,0,0,0,1
xianzhi,p-0684,1166,1,0,0,0,0,0
xianzhi,p-0685,915,0,0,0,0,1,0
xianzhi,p-0686,1028,1,0,0,0,0,0
xianzhi,p-0687,819,0,0,0,0,0,0
xianzhi,p-0688,565,0,0,0,0,0,0
xianzhi,p-0689,913,0,0,0,0,0,0
xianzhi,p-0690,778,0,0,0,0,0,0
xianzhi,p-0691,944,1,0,0,0,0,0
xianzhi,p-0692,1006,1,0,0,0,0,0
xianzhi,p-0693,519,0,0,0,0,0,0
xianzhi,p-0694,635,0,0,0,0,0,0
xianzhi,p-0695,857,0,0,0,0,0,0
xianzhi,p-0696,1101,1,0,0,0,0,0
xianzhi,p-0697,996,0,0,0,0,1,0
xianzhi,p-0698,273,1,0,0,0,0,0
xianzhi,p-0699,528,0,0,0,0,0,0
xianzhi,p-0700,1012,0,0,0,0,0,0
xianzhi,p-0701,308,0,0,0,0,0,0
xianzhi,p-0702,348,0,0,0,0,0,1
xianzhi,p-0703,289,0,0,0,0,0,0
xianzhi,p-0704,1035,0,0,0,0,0,0
xianzhi,p-0705,1120,0,0,0,0,0,0
xianzhi,p-0706,851,0,0,0,0,0,0
xianzhi,p-0707,1263,0,0,0,0,0,0
xianzhi,p-0708,1307,0,0,0,0,0,0
xianzhi,p-0709,1023,1,0,0,0,0,0
xianzhi,p-0710,783,0,0,0,0,0,0
xianzhi,p-0711,1197,0,0,0,0,0,0
xianzhi,p-0712,940,0,0,0,0,0,0
xianzhi,p-0713,1127,0,0,0,0,0,1
xianzhi,p-0714,986,1,0,0,0,0,0
xianzhi,p-0715,845,1,0,0,0,0,0
xianzhi,p-0716,1092,0,0,0,0,1,0
xianzhi,p-0717,1173,1,0,0,0,1,0
xianzhi,p-0718,1055,1,0,0,0,1,0
xianzhi,p-0719,1063,1,0,0,0,0,0
xianzhi,p-0720,821,1,0,0,0,0,0
xianzhi,p-0721,1159,1,0,0,0,0,0
xianzhi,p-0722,1133,1,0,0,0,0,0
xianzhi,p-0723,742,1,0,0,0,0,0
xianzhi,p-0724,282,0,0,0,0,0,0
xianzhi,p-0725,108,0,0,0,0,0,0
xianzhi,p-0726,273,0,0,0,0,0,0
xianzhi,p-0727,535,0,0,0,0,0,0
xianzhi,p-0728,1283,1,0,0,0,0,0
xianzhi,p-0729,1395,0,0,0,0,0,0
xianzhi,p-0730,1296,0,0,0,0,0,0
xianzhi,p-0731,1154,0,0,0,0,0,0
xianzhi,p-0732,1225,0,0,0,0,0,0
xianzhi,p-0733,1252,1,0,0,0,1,0
xianzhi,p-0734,1215,1,0,0,0,1,0
xianzhi,p-0735,927,1,0,0,0,1,0
xianzhi,p-0736,1261,1,0,0,0,0,0
xianzhi,p-0737,1072,1,0,0,0,0,0
xianzhi,p-0738,1240,0,0,0,0,0,0
xianzhi,p-0739,565,0,0,0,0,0,0
xianzhi,p-0740,539,0,0,0,0,0,1
xianzhi,p-0741,1191,0,0,0,0,1,0
xianzhi,p-0742,976,0,0,0,0,0,0
xianzhi,p-0743,1296,1,0,0,0,0,0
xianzhi,p-0744,1152,1,0,0,0,0,0
xianzhi,p-0745,1133,1,0,0,0,1,0
xianzhi,p-0746,1142,1,0,0,0,0,0
xianzhi,p-0747,1037,0,0,0,0,0,0
xianzhi,p-0748,849,1,0,0,0,1,0
xianzhi,p-0749,1197,1,0,0,0,0,0
xianzhi,p-0750,1138,1,0,0,0,0,0
xianzhi,p-0751,905,0,0,0,0,0,0
xianzhi,p-0752,892,1,0,0,0,0,0
xianzhi,p-0753,863,0,0,0,0,0,0
xianzhi,p-0754,838,1,0,0,0,0,0
xianzhi,p-0755,1139,1,0,0,0,0,0
xianzhi,p-0756,1123,1,0,0,0,1,0
xianzhi,p-0757,991,1,0,0,0,0,0
xianzhi,p-0758,861,1,0,0,0,0,0
xianzhi,p-0759,1040,1,0,0,0,0,0
xianzhi,p-0760,343,0,0,0,0,0,0
xianzhi,p-0761,955,0,0,0,0,0,1
xianzhi,p-0762,1108,1,0,0,0,0,1
xianzhi,p-0763,1264,1,0,0,0,0,0
xianzhi,p-0764,846,0,0,0,0,0,0
xianzhi,p-0765,1098,0,0,0,0,0,1
xianzhi,p-0766,723,0,0,0,0,0,0
xianzhi,p-0767,376,0,0,0,0,1,0
xianzhi,p-0768,799,0,0,0,0,0,1
xianzhi,p-0769,964,0,0,0,0,0,0
xianzhi,p-0770,861,0,0,0,0,0,0
xianzhi,p-0771,807,0,0,0,0,0,0
xianzhi,p-0772,703,0,0,0,0,1,0
xianzhi,p-0773,657,0,0,0,0,0,0
xianzhi,p-0774,363,0,0,0,0,0,0
xianzhi,p-0775,567,0,0,0,0,0,0
xianzhi,p-0776,756,0,0,0,0,0,0
xianzhi,p-0777,1158,1,0,0,0,1,0
xianzhi,p-0778,1067,0,0,0,0,0,0
xianzhi,p-0779,1196,1,0,0,0,0,0
xianzhi,p-0780,1043,0,0,0,0,0,0
xianzhi,p-0781,1272,1,0,0,0,0,1
xianzhi,p-0782,1100,1,0,0,0,0,0
xianzhi,p-0783,955,0,0,0,0,0,0
xianzhi,p-0784,1140,0,0,0,0,1,0
xianzhi,p-0785,993,0,0,0,0,0,0
xianzhi,p-0786,500,0,0,0,0,0,0
xianzhi,p-0787,854,1,0,0,0,0,0
xianzhi,p-0788,1187,0,0,0,0,0,0
xianzhi,p-0789,1135,1,0,0,0,1,0
xianzhi,p-0790,616,1,0,0,0,0,0
xianzhi,p-0791,297,0,0,0,0,0,0
xianzhi,p-0792,688,0,0,0,0,0,0
xianzhi,p-0793,458,0,0,0,0,0,0
xianzhi,p-0794,962,1,0,0,0,0,0
xianzhi,p-0795,1079,1,0,0,0,1,0
xianzhi,p-0796,1106,0,0,0,0,0,1
xianzhi,p-0797,1336,1,0,0,0,0,0
xianzhi,p-0798,1060,1,0,0,0,1,0
xianzhi,p-0799,691,0,0,0,0,0,0
xianzhi,p-0800,439,0,0,0,0,0,1
xianzhi,p-0801,246,0,0,0,0,0,0
xianzhi,p-0802,1236,1,0,0,0,0,0
xianzhi,p-0803,917,0,0,0,0,0,0
xianzhi,p-0804,1049,1,0,0,0,1,0
xianzhi,p-0805,322,1,0,0,0,0,0
xianzhi,p-0806,494,0,0,0,0,0,0
xianzhi,p-0807,987,1,0,0,0,0,1
xianzhi,p-0808,673,0,0,0,0,0,0
xianzhi,p-0809,579,0,0,0,0,0,0
xianzhi,p-0810,1020,1,0,0,0,0,0
xianzhi,p-0811,962,1,0,0,0,0,1
xianzhi,p-0812,465,0,0,0,0,0,0
xianzhi,p-0813,319,0,0,0,0,0,0
xianzhi,p-0814,1183,1,0,0,0,0,0
xianzhi,p-0815,1136,1,0,0,0,1,0
xianzhi,p-0816,1087,0,0,0,0,1,0
xianzhi,p-0817,1047,1,0,0,0,0,0
xianzhi,p-0818,1106,0,0,0,0,0,0
xianzhi,p-0819,1061,1,0,0,0,0,1
xianzhi,p-0820,1064,1,0,0,0,0,0
xianzhi,p-0821,903,0,0,0,0,0,0
xianzhi,p-0822,392,1,0,0,0,0,1
xianzhi,p-0823,584,0,0,0,0,0,1
xianzhi,p-0824,552,0,0,0,0,0,1
xianzhi,p-0825,660,0,0,0,0,0,1
xianzhi,p-0826,385,0,0,0,0,0,1
xianzhi,p-0827,529,1,0,0,0,0,0
xianzhi,p-0828,1208,1,0,0,0,0,0
xianzhi,p-0829,470,0,0,0,0,0,0
xianzhi,p-0830,959,0,0,0,0,0,1
xianzhi,p-0831,1071,1,0,0,0,0,0
xianzhi,p-0832,976,1,0,0,0,0,0
xianzhi,p-0833,1093,0,0,0,0,0,0
xianzhi,p-0834,996,1,0,0,0,0,0
xianzhi,p-0835,1024,0,0,0,0,0,1
xianzhi,p-0836,923,1,0,0,0,0,1
xianzhi,p-0837,1060,1,0,0,0,0,1
xianzhi,p-0838,1031,1,0,0,0,0,1
xianzhi,p-0839,978,0,0,0,0,0,1
xianzhi,p-0840,987,1,0,0,0,0,0
xianzhi,p-0841,1145,0,0,0,0,0,1
xianzhi,p-0842,1047,0,0,0,0,0,1
xianzhi,p-0843,989,1,0,0,0,1,1
xianzhi,p-0844,995,1,0,0,0,0,1
xianzhi,p-0845,1032,0,0,0,0,0,0
xianzhi,p-0846,917,1,0,0,0,0,0
xianzhi,p-0847,1254,0,0,0,0,0,0
xianzhi,p-0848,789,0,0,0,0,0,0
xianzhi,p-0849,1105,1,0,0,0,0,0
xianzhi,p-0850,886,0,0,0,0,0,0
xianzhi,p-0851,1163,1,0,0,0,0,1
xianzhi,p-0852,938,1,0,0,0,0,0
xianzhi,p-0853,867,0,0,0,0,0,0
xianzhi,p-0854,1226,1,0,0,0,0,0
xianzhi,p-0855,708,0,0,0,0,1,0
xianzhi,p-0856,809,1,0,0,0,0,0
xianzhi,p-0857,748,0,0,0,0,0,0
xianzhi,p-0858,1035,1,0,0,0,0,0
xianzhi,p-0859,815,1,0,0,0,0,0
xianzhi,p-0860,1172,1,0,0,0,1,0
xianzhi,p-0861,877,1,0,0,0,0,0
xianzhi,p-0862,1069,0,0,0,0,0,0
xianzhi,p-0863,1129,1,0,0,0,0,0
xianzhi,p-0864,1038,0,0,0,0,0,0
xianzhi,p-0865,875,0,0,0,0,1,1
xianzhi,p-0866,1024,1,0,0,0,0,1
xianzhi,p-0867,880,1,0,0,0,0,1
xianzhi,p-0868,1055,0,0,0,0,0,1
xianzhi,p-0869,797,1,0,0,0,0,1
xianzhi,p-0870,574,1,0,0,0,0,0
xianzhi,p-0871,1209,1,0,0,0,0,0
xianzhi,p-0872,1085,1,0,0,0,0,1
xianzhi,p-0873,1163,0,0,0,0,0,0
xianzhi,p-0874,1077,1,0,0,0,0,0
xianzhi,p-0875,924,1,0,0,0,0,0
xianzhi,p-0876,1120,0,0,0,0,1,0
xianzhi,p-0877,642,1,0,0,0,0,0
xianzhi,p-0878,1228,1,0,0,0,0,0
xianzhi,p-0879,1133,0,0,0,0,0,0
xianzhi,p-0880,1050,1,0,0,0,0,0
xianzhi,p-0881,892,0,0,0,0,0,0
xianzhi,p-0882,1271,1,0,0,0,0,0
xianzhi,p-0883,1102,1,0,0,0,0,1
xianzhi,p-0884,1146,1,0,0,0,1,0
xianzhi,p-0885,869,1,0,0,0,0,0
xianzhi,p-0886,1034,1,0,0,0,0,0
xianzhi,p-0887,819,0,0,0,0,0,0
xianzhi,p-0888,1192,0,0,0,0,0,1
xianzhi,p-0889,1285,0,0,0,0,0,1
xianzhi,p-0890,970,0,0,0,0,0,0
xianzhi,p-0891,698,0,0,0,0,1,0
xianzhi,p-0892,581,1,0,0,0,0,0
xianzhi,p-0893,1258,1,0,0,0,0,0
xianzhi,p-0894,1149,0,0,0,0,0,0
xianzhi,p-0895,1165,0,0,0,0,1,1
xianzhi,p-0896,907,0,0,0,0,1,0
xianzhi,p-0897,1099,0,0,0,0,0,0
xianzhi,p-0898,1302,1,0,0,0,0,1
xianzhi,p-0899,983,0,0,0,0,0,0
xianzhi,p-0900,1065,0,0,0,0,0,0
xianzhi,p-0901,502,0,0,0,0,0,0
xianzhi,p-0902,1031,1,0,0,0,0,0
xianzhi,p-0903,877,1,0,0,0,0,1
xianzhi,p-0904,800,1,0,0,0,0,0
xianzhi,p-0905,706,1,0,0,0,0,0
xianzhi,p-0906,975,1,0,0,0,0,0
xianzhi,p-0907,736,1,0,0,0,0,1
xianzhi,p-0908,1087,0,0,0,0,0,0
xianzhi,p-0909,1172,1,0,0,0,0,0
xianzhi,p-0910,992,1,0,0,0,0,0
xianzhi,p-0911,1141,1,0,0,0,0,0
xianzhi,p-0912,924,0,0,0,0,0,0
xianzhi,p-0913,1006,1,0,0,0,0,0
xianzhi,p-0914,938,1,0,0,0,0,0
xianzhi,p-0915,801,1,0,0,0,0,0
xianzhi,p-0916,843,0,0,0,0,0,1
xianzhi,p-0917,754,1,0,0,0,0,0
xianzhi,p-0918,1005,0,0,0,0,0,0
xianzhi,p-0919,798,0,0,0,0,0,0
xianzhi,p-0920,762,1,0,0,0,0,0
xianzhi,p-0921,989,1,0,0,0,0,0
xianzhi,p-0922,794,1,0,0,0,0,0
xianzhi,p-0923,282,0,0,0,0,0,0
xianzhi,p-0924,253,0,0,0,0,0,0
xianzhi,p-0925,559,0,0,0,0,0,0
xianzhi,p-0926,600,0,0,0,0,0,0
xianzhi,p-0927,616,0,0,0,0,0,0
xianzhi,p-0928,444,0,0,0,0,0,1
xianzhi,p-0929,327,0,0,0,0,0,0
xianzhi,p-0930,278,1,0,0,0,0,0
xianzhi,p-0931,258,0,0,0,0,0,0
xianzhi,p-0932,290,1,0,0,0,0,1
xianzhi,p-0933,298,0,0,0,0,0,1
xianzhi,p-0934,377,0,0,0,0,0,0
xianzhi,p-0935,972,0,0,0,0,0,0
xianzhi,p-0936,989,0,0,0,0,0,0
xianzhi,p-0937,677,0,0,0,0,0,0
xianzhi,p-0938,644,0,0,0,0,0,0
xianzhi,p-0939,679,0,0,0,0,0,0
xianzhi,p-0940,766,0,0,0,0,0,0
xianzhi,p-0941,602,0,0,0,0,0,0
xianzhi,p-0942,655,0,0,0,0,0,0
xianzhi,p-0943,689,0,0,0,0,0,0
xianzhi,p-0944,628,0,0,0,0,0,0
xianzhi,p-0945,685,0,0,0,0,0,0
xianzhi,p-0946,728,0,0,0,0,0,0
xianzhi,p-0947,448,0,0,0,0,0,0
xianzhi,p-0948,602,0,0,0,0,0,0
xianzhi,p-0949,554,0,0,0,0,0,0
xianzhi,p-0950,307,0,0,0,0,0,0
xianzhi,p-0951,417,0,0,0,0,0,0
xianzhi,p-0952,444,0,0,0,0,0,0
xianzhi,p-0953,409,1,0,0,0,0,0
xianzhi,p-0954,411,0,0,0,0,0,0
xianzhi,p-0955,366,0,0,0,0,0,0
xianzhi,p-0956,422,0,0,0,0,0,0
xianzhi,p-0957,727,0,0,0,0,0,0
xianzhi,p-0958,870,0,0,0,0,0,0
xianzhi,p-0959,849,1,0,0,0,0,1
xianzhi,p-0960,903,1,0,0,0,0,1
xianzhi,p-0961,836,0,0,0,0,0,1
xianzhi,p-0962,1044,0,0,0,0,0,0
xianzhi,p-0963,839,1,0,0,0,0,0
xianzhi,p-0964,1030,1,0,0,0,0,0
xianzhi,p-0965,845,1,0,0,0,0,0
xianzhi,p-0966,1141,1,0,0,0,0,1
xianzhi,p-0967,810,1,0,0,0,0,1
xianzhi,p-0968,1062,1,0,0,0,0,0
xianzhi,p-0969,1022,1,0,0,0,0,0
xianzhi,p-0970,1023,1,0,0,0,1,1
xianzhi,p-0971,983,1,0,0,0,0,0
xianzhi,p-0972,874,1,0,0,0,0,1
xianzhi,p-0973,1018,1,0,0,0,0,0
xianzhi,p-0974,840,1,0,0,0,0,1
xianzhi,p-0975,1011,1,0,0,0,0,1
xianzhi,p-0976,829,1,0,0,0,0,1
xianzhi,p-0977,965,1,0,0,0,0,0
xianzhi,p-0978,1002,1,0,0,0,0,0
xianzhi,p-0979,876,1,0,0,0,0,1
xianzhi,p-0980,1025,1,0,0,0,1,1
xianzhi,p-0981,1075,1,0,0,0,0,1
xianzhi,p-0982,981,1,0,0,0,0,1
xianzhi,p-0983,985,1,0,0,0,1,1
xianzhi,p-0984,1055,1,0,0,0,0,1
xianzhi,p-0985,1045,1,0,0,0,0,1
xianzhi,p-0986,1013,1,0,0,0,0,1
xianzhi,p-0987,1194,1,0,0,0,0,1
xianzhi,p-0988,1041,1,0,0,0,0,1
xianzhi,p-0989,995,1,0,0,0,0,1
xianzhi,p-0990,914,1,0,0,0,0,1
xianzhi,p-0991,1052,1,0,0,0,0,0
xianzhi,p-0992,910,1,0,0,0,1,1
xianzhi,p-0993,1035,1,0,0,0,0,1
xianzhi,p-0994,997,0,0,0,0,1,0
xianzhi,p-0995,1004,1,0,0,0,0,1
xianzhi,p-0996,967,1,0,0,0,0,1
xianzhi,p-0997,830,0,0,0,0,0,0
xianzhi,p-0998,995,1,0,0,0,0,1
xianzhi,p-0999,1031,1,0,0,0,0,0
xianzhi,p-1000,1008,1,0,0,0,0,0
xianzhi,p-1001,877,1,0,0,0,0,0
xianzhi,p-1002,1048,1,0,0,0,0,1
xianzhi,p-1003,985,1,0,0,0,0,1
xianzhi,p-1004,995,0,0,0,0,0,1
xianzhi,p-1005,1039,1,0,0,0,0,1
xianzhi,p-1006,846,1,0,0,0,0,1
xianzhi,p-1007,1074,1,0,0,0,0,1
xianzhi,p-1008,534,1,0,0,0,0,0
xianzhi,p-1009,883,1,0,0,0,0,0
xianzhi,p-1010,819,1,0,0,0,1,1
xianzhi,p-1011,823,1,0,0,0,0,0
xianzhi,p-1012,936,1,0,0,0,0,0
xianzhi,p-1013,751,1,0,0,0,0,0
xianzhi,p-1014,893,1,0,0,0,0,0
xianzhi,p-1015,757,1,0,0,0,0,0
xianzhi,p-1016,952,0,0,0,0,0,0
xianzhi,p-1017,825,1,0,0,0,0,1
xianzhi,p-1018,876,1,0,0,0,0,1
xianzhi,p-1019,751,0,0,0,0,0,1
xianzhi,p-1020,911,0,0,0,0,0,0
xianzhi,p-1021,434,0,0,0,0,0,0
xianzhi,p-1022,524,0,0,0,0,0,0
xianzhi,p-1023,528,0,0,0,0,0,0
xianzhi,p-1024,511,0,0,0,0,0,1
xianzhi,p-1025,329,1,0,0,0,0,1
xianzhi,p-1026,318,0,0,0,0,0,0
xianzhi,p-1027,290,0,0,0,0,0,0
xianzhi,p-1028,410,0,0,0,0,0,0
xianzhi,p-1029,329,0,0,0,0,0,0
xianzhi,p-1030,477,1,0,0,0,0,1
xianzhi,p-1031,289,0,0,0,0,0,1
xianzhi,p-1032,461,1,0,0,0,0,1
xianzhi,p-1033,540,1,0,0,0,0,1
xianzhi,p-1034,821,1,0,0,0,0,1
xianzhi,p-1035,101,0,0,0,0,0,1
xianzhi,p-1036,767,1,0,0,0,0,1
xianzhi,p-1037,923,1,0,0,0,1,0
xianzhi,p-1038,0,0,0,0,0,0,0
minzhengzhi_aa,m-1,25,0,0,0,0,0,0
minzhengzhi_aa,m-10,692,1,0,0,0,0,0
minzhengzhi_aa,m-100,1350,1,0,0,0,1,0
minzhengzhi_aa,m-101,1431,0,0,0,0,0,0
minzhengzhi_aa,m-102,1284,1,0,0,0,1,0
minzhengzhi_aa,m-103,1257,1,0,0,0,0,0
minzhengzhi_aa,m-104,1276,1,0,0,0,0,0
minzhengzhi_aa,m-105,1301,1,0,0,0,0,0
minzhengzhi_aa,m-106,361,1,0,0,0,0,0
minzhengzhi_aa,m-107,513,0,0,0,0,0,1
minzhengzhi_aa,m-108,247,1,0,0,0,0,0
minzhengzhi_aa,m-109,242,0,0,0,0,0,0
minzhengzhi_aa,m-11,1117,1,0,0,0,0,0
minzhengzhi_aa,m-110,1114,1,0,0,0,0,0
minzhengzhi_aa,m-111,323,0,0,0,0,0,0
minzhengzhi_aa,m-112,362,0,0,0,0,0,0
minzhengzhi_aa,m-113,845,1,0,0,0,0,1
minzhengzhi_aa,m-114,841,1,0,0,0,0,1
minzhengzhi_aa,m-115,1293,1,0,0,0,0,0
minzhengzhi_aa,m-116,1301,1,0,0,0,0,0
minzhengzhi_aa,m-117,1204,1,0,0,0,1,0
minzhengzhi_aa,m-118,1185,1,0,0,0,0,0
minzhengzhi_aa,m-119,1221,1,0,0,0,0,0
minzhengzhi_aa,m-12,198,0,0,0,0,0,0
minzhengzhi_aa,m-120,1047,1,0,0,0,0,1
minzhengzhi_aa,m-121,1111,1,0,0,0,1,0
minzhengzhi_aa,m-122,502,0,0,0,0,1,0
minzhengzhi_aa,m-123,1075,1,0,0,0,0,0
minzhengzhi_aa,m-124,933,1,0,0,0,0,0
minzhengzhi_aa,m-125,1239,1,0,0,0,0,0
minzhengzhi_aa,m-126,258,0,0,0,0,0,0
minzhengzhi_aa,m-127,231,0,0,0,0,0,1
minzhengzhi_aa,m-128,446,0,0,0,0,0,0
minzhengzhi_aa,m-129,164,0,0,0,0,0,0
minzhengzhi_aa,m-13,101,0,0,0,0,0,1
minzhengzhi_aa,m-130,1104,1,0,0,0,0,0
minzhengzhi_aa,m-131,1398,1,0,0,0,0,1
minzhengzhi_aa,m-132,1396,1,0,0,0,0,0
minzhengzhi_aa,m-133,798,1,0,0,0,1,0
minzhengzhi_aa,m-134,946,1,0,0,0,0,0
minzhengzhi_aa,m-135,1294,1,0,0,0,0,0
minzhengzhi_aa,m-136,1364,1,0,0,0,0,0
minzhengzhi_aa,m-137,1415,0,0,0,0,0,0
minzhengzhi_aa,m-138,1292,1,0,0,0,0,0
minzhengzhi_aa,m-139,1244,1,0,0,0,0,0
minzhengzhi_aa,m-14,101,0,0,0,0,0,1
minzhengzhi_aa,m-140,1173,0,0,0,0,0,0
minzhengzhi_aa,m-141,1153,1,0,0,0,0,0
minzhengzhi_aa,m-142,1118,1,0,0,0,1,0
minzhengzhi_aa,m-143,1106,1,0,0,0,0,0
minzhengzhi_aa,m-144,1142,1,0,0,0,0,0
minzhengzhi_aa,m-145,1399,1,0,0,0,0,0
minzhengzhi_aa,m-146,300,0,0,0,0,0,0
minzhengzhi_aa,m-147,236,0,0,0,0,0,0
minzhengzhi_aa,m-148,1076,0,0,0,0,0,1
minzhengzhi_aa,m-149,1269,1,0,0,0,1,0
minzhengzhi_aa,m-15,725,1,0,0,0,0,0
minzhengzhi_aa,m-150,213,0,0,0,0,0,0
minzhengzhi_aa,m-151,909,0,0,0,0,0,0
minzhengzhi_aa,m-152,1102,0,0,0,0,0,0
minzhengzhi_aa,m-153,1027,1,0,0,0,0,0
minzhengzhi_aa,m-154,1251,1,0,0,0,0,0
minzhengzhi_aa,m-155,1163,1,0,0,0,1,0
minzhengzhi_aa,m-156,1348,1,0,0,0,0,1
minzhengzhi_aa,m-157,1036,1,0,0,0,0,1
minzhengzhi_aa,m-158,445,0,0,0,0,0,0
minzhengzhi_aa,m-159,427,0,0,0,0,0,0
minzhengzhi_aa,m-16,430,1,0,0,0,0,1
minzhengzhi_aa,m-160,924,1,0,0,0,0,0
minzhengzhi_aa,m-161,1102,1,0,0,0,0,0
minzhengzhi_aa,m-162,1193,1,0,0,0,0,0
minzhengzhi_aa,m-163,1114,1,0,0,0,0,0
minzhengzhi_aa,m-164,1270,1,0,0,0,0,0
minzhengzhi_aa,m-165,524,1,0,0,0,0,0
minzhengzhi_aa,m-166,676,1,0,0,0,0,0
minzhengzhi_aa,m-167,1253,1,0,0,0,0,0
minzhengzhi_aa,m-168,1265,1,0,0,0,1,0
minzhengzhi_aa,m-169,1131,1,0,0,0,1,0
minzhengzhi_aa,m-17,677,1,0,0,0,0,0
minzhengzhi_aa,m-170,1197,0,0,0,0,0,0
minzhengzhi_aa,m-171,876,1,0,0,0,0,0
minzhengzhi_aa,m-172,995,1,0,0,0,0,0
minzhengzhi_aa,m-173,374,1,0,0,0,1,0
minzhengzhi_aa,m-174,860,1,0,0,0,0,0
minzhengzhi_aa,m-175,1131,1,0,0,0,0,0
minzhengzhi_aa,m-176,1271,1,0,0,0,0,0
minzhengzhi_aa,m-177,1081,1,0,0,0,0,1
minzhengzhi_aa,m-178,1232,1,0,0,0,0,1
minzhengzhi_aa,m-179,1176,1,0,0,0,0,0
minzhengzhi_aa,m-18,717,0,0,0,0,0,0
minzhengzhi_aa,m-180,1249,1,0,0,0,0,1
minzhengzhi_aa,m-181,1172,0,0,0,0,0,1
minzhengzhi_aa,m-182,1171,1,0,0,0,0,0
minzhengzhi_aa,m-183,659,1,0,0,0,1,0
minzhengzhi_aa,m-184,757,1,0,0,0,0,1
minzhengzhi_aa,m-185,1146,0,0,0,0,0,1
minzhengzhi_aa,m-186,973,1,0,0,0,0,1
minzhengzhi_aa,m-187,1099,1,0,0,0,0,1
minzhengzhi_aa,m-188,1353,0,0,0,0,0,0
minzhengzhi_aa,m-189,409,0,0,0,0,0,0
minzhengzhi_aa,m-19,634,0,0,0,0,0,0
minzhengzhi_aa,m-190,954,1,0,0,0,0,0
minzhengzhi_aa,m-191,1281,1,0,0,0,0,1
minzhengzhi_aa,m-192,1320,1,0,0,0,0,0
minzhengzhi_aa,m-193,1411,1,0,0,0,0,0
minzhengzhi_aa,m-194,1346,1,0,0,0,0,0
minzhengzhi_aa,m-195,1466,1,0,0,0,0,0
minzhengzhi_aa,m-196,832,1,0,0,0,0,0
minzhengzhi_aa,m-197,344,0,0,0,0,0,0
minzhengzhi_aa,m-198,1055,0,0,0,0,0,1
minzhengzhi_aa,m-199,589,0,0,0,0,0,1
minzhengzhi_aa,m-2,30,0,0,0,0,0,0
minzhengzhi_aa,m-20,706,0,0,0,0,0,0
minzhengzhi_aa,m-21,573,1,0,0,0,0,0
minzhengzhi_aa,m-22,1079,1,0,0,0,0,0
minzhengzhi_aa,m-23,1467,1,0,0,0,0,0
minzhengzhi_aa,m-24,1367,1,0,0,0,0,0
minzhengzhi_aa,m-25,367,0,0,0,0,0,0
minzhengzhi_aa,m-26,530,1,0,0,0,0,0
minzhengzhi_aa,m-27,745,1,0,0,0,0,0
minzhengzhi_aa,m-28,768,1,0,0,0,1,0
minzhengzhi_aa,m-29,827,1,0,0,0,1,1
minzhengzhi_aa,m-3,85,0,0,0,0,0,0
minzhengzhi_aa,m-30,1096,1,0,0,0,0,0
minzhengzhi_aa,m-31,1040,1,0,0,0,0,1
minzhengzhi_aa,m-32,962,1,0,0,0,0,0
minzhengzhi_aa,m-33,997,1,0,0,0,0,0
minzhengzhi_aa,m-34,839,1,0,0,0,0,0
minzhengzhi_aa,m-35,880,1,0,0,0,0,1
minzhengzhi_aa,m-36,839,1,0,0,0,1,0
minzhengzhi_aa,m-37,805,1,0,0,0,0,0
minzhengzhi_aa,m-38,1023,1,0,0,0,0,0
minzhengzhi_aa,m-39,1025,1,0,0,0,0,0
minzhengzhi_aa,m-4,161,0,0,0,0,0,0
minzhengzhi_aa,m-40,999,1,0,0,0,1,0
minzhengzhi_aa,m-41,862,1,0,0,0,0,0
minzhengzhi_aa,m-42,664,0,0,0,0,0,1
minzhengzhi_aa,m-43,829,0,0,0,0,0,1
minzhengzhi_aa,m-44,389,0,0,0,0,0,0
minzhengzhi_aa,m-45,1141,1,0,0,0,0,0
minzhengzhi_aa,m-46,863,1,0,0,0,1,0
minzhengzhi_aa,m-47,995,1,0,0,0,0,0
minzhengzhi_aa,m-48,1123,1,0,0,0,0,0
minzhengzhi_aa,m-49,403,0,0,0,0,0,0
minzhengzhi_aa,m-5,364,0,0,0,0,0,0
minzhengzhi_aa,m-50,248,0,0,0,0,0,1
minzhengzhi_aa,m-51,764,0,0,0,0,0,1
minzhengzhi_aa,m-52,1213,0,0,0,0,0,0
minzhengzhi_aa,m-53,975,1,0,0,0,0,0
minzhengzhi_aa,m-54,375,0,0,0,0,0,0
minzhengzhi_aa,m-55,1053,1,0,0,0,0,0
minzhengzhi_aa,m-56,261,0,0,0,0,0,0
minzhengzhi_aa,m-57,378,0,0,0,0,0,1
minzhengzhi_aa,m-58,371,0,0,0,0,0,0
minzhengzhi_aa,m-59,385,0,0,0,0,0,1
minzhengzhi_aa,m-6,225,0,0,0,0,0,0
minzhengzhi_aa,m-60,594,1,0,0,0,0,0
minzhengzhi_aa,m-61,545,0,0,0,0,0,0
minzhengzhi_aa,m-62,437,0,0,0,0,0,1
minzhengzhi_aa,m-63,1257,0,0,0,0,0,1
minzhengzhi_aa,m-64,1387,1,0,0,0,0,0
minzhengzhi_aa,m-65,1415,1,0,0,0,0,0
minzhengzhi_aa,m-66,906,1,0,0,0,0,0
minzhengzhi_aa,m-67,615,0,0,0,0,0,0
minzhengzhi_aa,m-68,628,0,0,0,0,0,0
minzhengzhi_aa,m-69,573,0,0,0,0,0,0
minzhengzhi_aa,m-7,1759,0,0,0,0,0,1
minzhengzhi_aa,m-70,480,0,0,0,0,0,0
minzhengzhi_aa,m-71,405,0,0,0,0,0,0
minzhengzhi_aa,m-72,872,0,0,0,0,0,0
minzhengzhi_aa,m-73,988,0,0,0,0,0,1
minzhengzhi_aa,m-74,1039,1,0,0,0,0,0
minzhengzhi_aa,m-75,869,1,0,0,0,1,0
minzhengzhi_aa,m-76,924,1,0,0,0,0,0
minzhengzhi_aa,m-77,1107,1,0,0,0,1,0
minzhengzhi_aa,m-78,1345,1,0,0,0,1,0
minzhengzhi_aa,m-79,1112,1,0,0,0,0,0
minzhengzhi_aa,m-8,1219,0,0,0,0,0,1
minzhengzhi_aa,m-80,1204,1,0,0,0,0,0
minzhengzhi_aa,m-81,1254,1,0,0,0,0,0
minzhengzhi_aa,m-82,1074,1,0,0,0,0,0
minzhengzhi_aa,m-83,1074,1,0,0,0,1,0
minzhengzhi_aa,m-84,1415,1,0,0,0,0,0
minzhengzhi_aa,m-85,433,1,0,0,0,0,0
minzhengzhi_aa,m-86,363,0,0,0,0,0,1
minzhengzhi_aa,m-87,980,1,0,0,0,0,0
minzhengzhi_aa,m-88,874,1,0,0,0,0,1
minzhengzhi_aa,m-89,927,1,0,0,0,0,0
minzhengzhi_aa,m-9,737,0,0,0,0,0,0
minzhengzhi_aa,m-90,1257,1,0,0,0,0,0
minzhengzhi_aa,m-91,1181,0,0,0,0,0,0
minzhengzhi_aa,m-92,1149,1,0,0,0,0,0
minzhengzhi_aa,m-93,798,1,0,0,0,0,0
minzhengzhi_aa,m-94,1029,1,0,0,0,0,0
minzhengzhi_aa,m-95,1198,1,0,0,0,0,1
minzhengzhi_aa,m-96,1244,1,0,0,0,0,1
minzhengzhi_aa,m-97,1378,1,0,0,0,0,0
minzhengzhi_aa,m-98,1423,0,0,0,0,0,0
minzhengzhi_aa,m-99,1433,1,0,0,0,0,0
minzhengzhi_zl,z-1,32,0,0,0,0,0,0
minzhengzhi_zl,z-10,95,0,0,0,0,0,0
minzhengzhi_zl,z-100,837,1,0,0,0,0,1
minzhengzhi_zl,z-101,849,1,0,0,0,0,1
minzhengzhi_zl,z-102,1288,1,0,0,0,0,0
minzhengzhi_zl,z-103,1308,1,0,0,0,0,0
minzhengzhi_zl,z-104,1198,1,0,0,0,1,0
minzhengzhi_zl,z-105,1191,1,0,0,0,0,0
minzhengzhi_zl,z-106,1222,1,0,0,0,0,0
minzhengzhi_zl,z-107,1052,1,0,0,0,0,1
minzhengzhi_zl,z-108,1114,1,0,0,0,1,1
minzhengzhi_zl,z-109,499,0,0,0,0,1,0
minzhengzhi_zl,z-11,443,1,0,0,0,0,0
minzhengzhi_zl,z-110,1069,1,0,0,0,0,0
minzhengzhi_zl,z-111,940,1,0,0,0,0,0
minzhengzhi_zl,z-112,1235,1,0,0,0,0,0
minzhengzhi_zl,z-113,1109,1,0,0,0,0,0
minzhengzhi_zl,z-114,1397,1,0,0,0,0,1
minzhengzhi_zl,z-115,1400,1,0,0,0,0,0
minzhengzhi_zl,z-116,800,1,0,0,0,0,0
minzhengzhi_zl,z-117,958,1,0,0,0,0,0
minzhengzhi_zl,z-118,1295,1,0,0,0,0,0
minzhengzhi_zl,z-119,1369,1,0,0,0,0,1
minzhengzhi_zl,z-12,668,1,0,0,0,0,0
minzhengzhi_zl,z-120,1423,0,0,0,0,0,0
minzhengzhi_zl,z-121,1295,1,0,0,0,0,0
minzhengzhi_zl,z-122,1245,1,0,0,0,0,0
minzhengzhi_zl,z-123,1174,0,0,0,0,0,0
minzhengzhi_zl,z-124,1129,1,0,0,0,0,0
minzhengzhi_zl,z-125,1124,1,0,0,0,1,0
minzhengzhi_zl,z-126,1107,1,0,0,0,0,0
minzhengzhi_zl,z-127,1151,1,0,0,0,0,0
minzhengzhi_zl,z-128,1404,1,0,0,0,0,0
minzhengzhi_zl,z-129,1080,0,0,0,0,0,1
minzhengzhi_zl,z-13,490,0,0,0,0,0,0
minzhengzhi_zl,z-130,1269,1,0,0,0,1,0
minzhengzhi_zl,z-131,215,0,0,0,0,0,0
minzhengzhi_zl,z-132,911,0,0,0,0,0,0
minzhengzhi_zl,z-133,1107,0,0,0,0,0,0
minzhengzhi_zl,z-134,1028,1,0,0,0,0,0
minzhengzhi_zl,z-135,1263,1,0,0,0,0,0
minzhengzhi_zl,z-136,1164,1,0,0,0,1,0
minzhengzhi_zl,z-137,1350,1,0,0,0,0,0
minzhengzhi_zl,z-138,1035,1,0,0,0,0,1
minzhengzhi_zl,z-139,451,0,0,0,0,0,0
minzhengzhi_zl,z-14,879,0,0,0,0,0,0
minzhengzhi_zl,z-140,359,0,0,0,0,0,0
minzhengzhi_zl,z-141,924,1,0,0,0,0,0
minzhengzhi_zl,z-142,1107,1,0,0,0,0,0
minzhengzhi_zl,z-143,1304,1,0,0,0,0,0
minzhengzhi_zl,z-144,1113,1,0,0,0,0,0
minzhengzhi_zl,z-145,1276,1,0,0,0,0,0
minzhengzhi_zl,z-146,541,1,0,0,0,0,0
minzhengzhi_zl,z-147,709,1,0,0,0,0,0
minzhengzhi_zl,z-148,1258,1,0,0,0,0,0
minzhengzhi_zl,z-149,1271,1,0,0,0,1,0
minzhengzhi_zl,z-15,1337,0,0,0,0,0,0
minzhengzhi_zl,z-150,1176,1,0,0,0,1,0
minzhengzhi_zl,z-151,1214,0,0,0,0,0,0
minzhengzhi_zl,z-152,877,1,0,0,0,0,0
minzhengzhi_zl,z-153,1002,1,0,0,0,0,0
minzhengzhi_zl,z-154,373,1,0,0,0,1,0
minzhengzhi_zl,z-155,869,1,0,0,0,0,0
minzhengzhi_zl,z-156,1139,1,0,0,0,0,0
minzhengzhi_zl,z-157,1276,1,0,0,0,0,0
minzhengzhi_zl,z-158,1079,1,0,0,0,0,1
minzhengzhi_zl,z-159,1243,1,0,0,0,0,1
minzhengzhi_zl,z-16,552,1,0,0,0,0,0
minzhengzhi_zl,z-160,1182,1,0,0,0,0,0
minzhengzhi_zl,z-161,1254,1,0,0,0,0,1
minzhengzhi_zl,z-162,1170,0,0,0,0,0,1
minzhengzhi_zl,z-163,1178,1,0,0,0,0,0
minzhengzhi_zl,z-164,666,1,0,0,0,1,0
minzhengzhi_zl,z-165,759,1,0,0,0,0,1
minzhengzhi_zl,z-166,1147,0,0,0,0,0,1
minzhengzhi_zl,z-167,964,1,0,0,0,0,1
minzhengzhi_zl,z-168,1092,1,0,0,0,0,1
minzhengzhi_zl,z-169,1361,0,0,0,0,0,0
minzhengzhi_zl,z-17,1087,1,0,0,0,0,0
minzhengzhi_zl,z-170,409,0,0,0,0,0,0
minzhengzhi_zl,z-171,963,1,0,0,0,0,0
minzhengzhi_zl,z-172,1282,1,0,0,0,0,1
minzhengzhi_zl,z-173,1320,1,0,0,0,0,0
minzhengzhi_zl,z-174,1416,1,0,0,0,0,0
minzhengzhi_zl,z-175,1347,1,0,0,0,0,0
minzhengzhi_zl,z-176,1463,1,0,0,0,0,0
minzhengzhi_zl,z-177,820,1,0,0,0,0,0
minzhengzhi_zl,z-178,320,0,0,0,0,0,0
minzhengzhi_zl,z-179,1076,0,0,0,0,0,1
minzhengzhi_zl,z-18,1476,1,0,0,0,0,0
minzhengzhi_zl,z-180,610,0,0,0,0,0,1
minzhengzhi_zl,z-19,1381,1,0,0,0,0,0
minzhengzhi_zl,z-2,32,0,0,0,0,0,0
minzhengzhi_zl,z-20,367,0,0,0,0,0,0
minzhengzhi_zl,z-21,542,1,0,0,0,0,0
minzhengzhi_zl,z-22,746,1,0,0,0,0,0
minzhengzhi_zl,z-23,780,1,0,0,0,1,0
minzhengzhi_zl,z-24,802,1,0,0,0,1,1
minzhengzhi_zl,z-25,1102,1,0,0,0,0,0
minzhengzhi_zl,z-26,1039,1,0,0,0,0,1
minzhengzhi_zl,z-27,966,1,0,0,0,0,0
minzhengzhi_zl,z-28,996,1,0,0,0,0,0
minzhengzhi_zl,z-29,853,1,0,0,0,0,0
minzhengzhi_zl,z-3,1115,1,0,0,0,0,0
minzhengzhi_zl,z-30,876,1,0,0,0,0,1
minzhengzhi_zl,z-31,854,1,0,0,0,0,0
minzhengzhi_zl,z-32,807,1,0,0,0,0,0
minzhengzhi_zl,z-33,1030,1,0,0,0,0,0
minzhengzhi_zl,z-34,1030,1,0,0,0,0,0
minzhengzhi_zl,z-35,1002,1,0,0,0,1,0
minzhengzhi_zl,z-36,864,1,0,0,0,0,0
minzhengzhi_zl,z-37,614,0,0,0,0,0,1
minzhengzhi_zl,z-38,841,0,0,0,0,0,1
minzhengzhi_zl,z-39,361,0,0,0,0,0,0
minzhengzhi_zl,z-4,198,0,0,0,0,0,0
minzhengzhi_zl,z-40,1144,1,0,0,0,0,0
minzhengzhi_zl,z-41,875,1,0,0,0,1,0
minzhengzhi_zl,z-42,993,1,0,0,0,0,1
minzhengzhi_zl,z-43,1128,1,0,0,0,0,0
minzhengzhi_zl,z-44,379,0,0,0,0,0,0
minzhengzhi_zl,z-45,239,0,0,0,0,0,1
minzhengzhi_zl,z-46,754,0,0,0,0,0,1
minzhengzhi_zl,z-47,1220,0,0,0,0,0,0
minzhengzhi_zl,z-48,970,1,0,0,0,0,0
minzhengzhi_zl,z-49,1066,1,0,0,0,0,0
minzhengzhi_zl,z-5,95,0,0,0,0,0,1
minzhengzhi_zl,z-50,240,0,0,0,0,0,0
minzhengzhi_zl,z-51,386,0,0,0,0,0,1
minzhengzhi_zl,z-52,387,0,0,0,0,0,0
minzhengzhi_zl,z-53,379,0,0,0,0,0,1
minzhengzhi_zl,z-54,582,1,0,0,0,0,0
minzhengzhi_zl,z-55,1357,1,0,0,0,0,0
minzhengzhi_zl,z-56,1383,1,0,0,0,0,0
minzhengzhi_zl,z-57,1416,1,0,0,0,0,0
minzhengzhi_zl,z-58,957,1,0,0,0,0,0
minzhengzhi_zl,z-59,626,0,0,0,0,0,0
minzhengzhi_zl,z-6,714,1,0,0,0,0,0
minzhengzhi_zl,z-60,629,0,0,0,0,0,0
minzhengzhi_zl,z-61,584,0,0,0,0,0,0
minzhengzhi_zl,z-62,503,0,0,0,0,0,0
minzhengzhi_zl,z-63,912,0,0,0,0,0,0
minzhengzhi_zl,z-64,984,0,0,0,0,0,0
minzhengzhi_zl,z-65,1041,1,0,0,0,0,0
minzhengzhi_zl,z-66,865,1,0,0,0,1,0
minzhengzhi_zl,z-67,931,1,0,0,0,0,0
minzhengzhi_zl,z-68,1107,1,0,0,0,1,0
minzhengzhi_zl,z-69,1350,1,0,0,0,1,0
minzhengzhi_zl,z-7,81,0,0,0,0,0,0
minzhengzhi_zl,z-70,1109,1,0,0,0,0,0
minzhengzhi_zl,z-71,1207,1,0,0,0,0,0
minzhengzhi_zl,z-72,1253,1,0,0,0,0,0
minzhengzhi_zl,z-73,1079,1,0,0,0,0,0
minzhengzhi_zl,z-74,1105,1,0,0,0,1,0
minzhengzhi_zl,z-75,1424,1,0,0,0,1,0
minzhengzhi_zl,z-76,432,1,0,0,0,0,0
minzhengzhi_zl,z-77,406,1,0,0,0,0,1
minzhengzhi_zl,z-78,983,1,0,0,0,0,0
minzhengzhi_zl,z-79,873,1,0,0,0,0,1
minzhengzhi_zl,z-8,197,0,0,0,0,0,0
minzhengzhi_zl,z-80,931,1,0,0,0,0,0
minzhengzhi_zl,z-81,1262,1,0,0,0,0,0
minzhengzhi_zl,z-82,1187,0,0,0,0,0,0
minzhengzhi_zl,z-83,1190,1,0,0,0,0,0
minzhengzhi_zl,z-84,800,1,0,0,0,0,0
minzhengzhi_zl,z-85,1046,1,0,0,0,0,0
minzhengzhi_zl,z-86,1208,1,0,0,0,0,1
minzhengzhi_zl,z-87,1256,1,0,0,0,0,0
minzhengzhi_zl,z-88,1386,1,0,0,0,0,0
minzhengzhi_zl,z-89,1448,0,0,0,0,0,0
minzhengzhi_zl,z-9,465,0,0,0,0,0,1
minzhengzhi_zl,z-90,1432,1,0,0,0,0,0
minzhengzhi_zl,z-91,1357,1,0,0,0,1,0
minzhengzhi_zl,z-92,1434,0,0,0,0,0,0
minzhengzhi_zl,z-93,1289,1,0,0,0,1,1
minzhengzhi_zl,z-94,1269,1,0,0,0,0,0
minzhengzhi_zl,z-95,1286,1,0,0,0,0,0
minzhengzhi_zl,z-96,1301,1,0,0,0,0,0
minzhengzhi_zl,z-97,1118,1,0,0,0,0,0
minzhengzhi_zl,z-98,355,0,0,0,0,0,1
minzhengzhi_zl,z-99,402,0,0,0,0,0,0
danganzhi,a-1,51,0,0,0,0,0,0
danganzhi,a-10,474,0,0,0,0,0,0
danganzhi,a-100,483,0,0,0,0,0,0
danganzhi,a-101,718,0,0,0,0,1,0
danganzhi,a-102,428,0,0,0,0,0,0
danganzhi,a-103,825,0,0,0,0,0,1
danganzhi,a-104,116,0,0,0,0,0,1
danganzhi,a-105,583,0,0,0,0,0,1
danganzhi,a-106,330,1,0,0,0,0,0
danganzhi,a-107,520,1,0,0,0,0,0
danganzhi,a-108,427,0,0,0,0,0,0
danganzhi,a-109,313,1,0,0,0,0,0
danganzhi,a-11,109,0,0,0,0,0,0
danganzhi,a-110,623,0,0,0,0,0,0
danganzhi,a-111,721,1,0,0,0,1,0
danganzhi,a-112,727,1,0,0,0,1,1
danganzhi,a-113,699,1,0,0,0,0,0
danganzhi,a-114,703,1,0,0,0,0,1
danganzhi,a-115,446,0,0,0,0,0,0
danganzhi,a-116,486,1,0,0,0,0,0
danganzhi,a-117,603,1,0,0,0,0,0
danganzhi,a-118,489,1,0,0,0,0,0
danganzhi,a-119,454,1,0,0,0,0,0
danganzhi,a-12,519,0,0,0,0,0,0
danganzhi,a-120,105,0,0,0,0,0,0
danganzhi,a-121,409,1,0,0,0,0,0
danganzhi,a-122,493,1,0,0,0,1,0
danganzhi,a-123,517,1,0,0,0,0,0
danganzhi,a-124,583,1,0,0,0,0,0
danganzhi,a-125,123,0,0,0,0,0,0
danganzhi,a-126,575,0,0,0,0,0,0
danganzhi,a-127,348,0,0,0,0,0,0
danganzhi,a-13,629,0,0,0,0,0,1
danganzhi,a-14,610,1,0,0,0,0,1
danganzhi,a-15,643,1,0,0,0,0,0
danganzhi,a-16,598,1,0,0,0,1,0
danganzhi,a-17,600,1,0,0,0,0,0
danganzhi,a-18,645,1,0,0,0,0,0
danganzhi,a-19,643,1,0,0,0,0,1
danganzhi,a-2,27,0,0,0,0,0,0
danganzhi,a-20,626,1,0,0,0,0,1
danganzhi,a-21,421,0,0,0,0,0,0
danganzhi,a-22,597,0,0,0,0,0,0
danganzhi,a-23,673,1,0,0,0,0,0
danganzhi,a-24,751,1,0,0,0,0,0
danganzhi,a-25,324,1,0,0,0,0,0
danganzhi,a-26,587,0,0,0,0,0,0
danganzhi,a-27,617,0,0,0,0,0,0
danganzhi,a-28,457,1,0,0,0,0,0
danganzhi,a-29,443,0,0,0,0,0,0
danganzhi,a-3,131,0,0,0,0,0,0
danganzhi,a-30,420,1,0,0,0,0,1
danganzhi,a-31,281,0,0,0,0,0,0
danganzhi,a-32,151,0,0,0,0,0,0
danganzhi,a-33,514,0,0,0,0,0,1
danganzhi,a-34,384,0,0,0,0,0,0
danganzhi,a-35,134,0,0,0,0,0,0
danganzhi,a-36,392,0,0,0,0,0,1
danganzhi,a-37,149,0,0,0,0,0,0
danganzhi,a-38,139,0,0,0,0,0,0
danganzhi,a-39,147,0,0,0,0,0,0
danganzhi,a-4,131,0,0,0,0,0,0
danganzhi,a-40,392,0,0,0,0,0,0
danganzhi,a-41,733,1,0,0,0,0,0
danganzhi,a-42,694,1,0,0,0,1,0
danganzhi,a-43,702,0,0,0,0,0,1
danganzhi,a-44,722,0,0,0,0,1,1
danganzhi,a-45,578,1,0,0,0,1,0
danganzhi,a-46,546,0,0,0,0,0,0
danganzhi,a-47,398,0,0,0,0,0,0
danganzhi,a-48,503,1,0,0,0,1,1
danganzhi,a-49,695,1,0,0,0,1,0
danganzhi,a-5,569,1,0,0,0,0,0
danganzhi,a-50,547,1,0,0,0,1,0
danganzhi,a-51,774,1,0,0,0,0,0
danganzhi,a-52,722,1,0,0,0,0,1
danganzhi,a-53,599,0,0,0,0,0,1
danganzhi,a-54,661,0,0,0,0,0,0
danganzhi,a-55,676,1,0,0,0,0,0
danganzhi,a-56,668,0,0,0,0,0,0
danganzhi,a-57,767,0,0,0,0,0,0
danganzhi,a-58,673,0,0,0,0,0,0
danganzhi,a-59,645,0,0,0,0,0,0
danganzhi,a-6,293,0,0,0,0,0,0
danganzhi,a-60,617,1,0,0,0,0,0
danganzhi,a-61,159,0,0,0,0,0,0
danganzhi,a-62,257,0,0,0,0,0,0
danganzhi,a-63,239,0,0,0,0,0,0
danganzhi,a-64,786,1,0,0,0,0,0
danganzhi,a-65,623,0,0,0,0,0,0
danganzhi,a-66,700,1,0,0,0,0,0
danganzhi,a-67,652,1,0,0,0,0,0
danganzhi,a-68,717,1,0,0,0,1,0
danganzhi,a-69,697,1,0,0,0,0,0
danganzhi,a-7,299,0,0,0,0,0,0
danganzhi,a-70,611,1,0,0,0,1,0
danganzhi,a-71,169,0,0,0,0,1,0
danganzhi,a-72,620,1,0,0,0,0,0
danganzhi,a-73,692,0,0,0,0,1,0
danganzhi,a-74,526,0,0,0,0,0,1
danganzhi,a-75,454,0,0,0,0,0,0
danganzhi,a-76,529,0,0,0,0,0,1
danganzhi,a-77,359,0,0,0,0,0,1
danganzhi,a-78,486,0,0,0,0,0,1
danganzhi,a-79,518,1,0,0,0,0,0
danganzhi,a-8,469,0,0,0,0,0,0
danganzhi,a-80,644,1,0,0,0,0,0
danganzhi,a-81,623,0,0,0,0,0,0
danganzhi,a-82,603,1,0,0,0,0,0
danganzhi,a-83,193,1,0,0,0,0,0
danganzhi,a-84,531,1,0,0,0,0,0
danganzhi,a-85,642,0,0,0,0,1,0
danganzhi,a-86,647,1,0,0,0,0,0
danganzhi,a-87,731,1,0,0,0,0,0
danganzhi,a-88,595,1,0,0,0,0,0
danganzhi,a-89,542,1,0,0,0,0,0
danganzhi,a-9,314,0,0,0,0,0,0
danganzhi,a-90,637,1,0,0,0,0,0
danganzhi,a-91,395,1,0,0,0,0,1
danganzhi,a-92,582,1,0,0,0,0,0
danganzhi,a-93,554,0,0,0,0,0,0
danganzhi,a-94,357,0,0,0,0,0,0
danganzhi,a-95,717,1,0,0,0,0,1
danganzhi,a-96,343,1,0,0,0,0,0
danganzhi,a-97,154,0,0,0,0,0,1
danganzhi,a-98,63,0,0,0,0,0,1
danganzhi,a-99,182,0,0,0,0,0,0
diminglu,d-1,172,0,0,0,0,0,0
diminglu,d-10,1234,0,0,0,0,0,0
diminglu,d-100,827,0,0,0,0,0,0
diminglu,d-101,500,0,0,0,0,0,1
diminglu,d-102,1028,0,0,0,0,0,0
diminglu,d-103,910,0,0,0,0,0,0
diminglu,d-104,711,0,0,0,0,0,1
diminglu,d-105,1014,0,0,0,0,0,0
diminglu,d-106,879,0,0,0,0,0,1
diminglu,d-107,842,0,0,0,0,0,0
diminglu,d-108,224,0,0,0,0,0,0
diminglu,d-109,1118,0,0,0,0,0,0
diminglu,d-11,1456,0,0,0,0,0,0
diminglu,d-110,855,0,0,0,0,0,1
diminglu,d-111,770,0,0,0,0,0,1
diminglu,d-112,774,0,0,0,0,0,0
diminglu,d-113,270,0,0,0,0,0,0
diminglu,d-114,1142,1,0,0,0,0,1
diminglu,d-115,808,0,0,0,0,0,0
diminglu,d-116,786,0,0,0,0,0,0
diminglu,d-117,756,0,0,0,0,0,1
diminglu,d-118,783,0,0,0,0,0,0
diminglu,d-119,812,1,0,0,0,0,1
diminglu,d-12,1215,1,0,0,0,0,0
diminglu,d-120,275,0,0,0,0,0,0
diminglu,d-121,1214,0,0,0,0,0,0
diminglu,d-122,820,0,0,0,0,0,0
diminglu,d-123,900,1,0,0,0,0,1
diminglu,d-124,790,0,0,0,0,0,0
diminglu,d-125,262,0,0,0,0,0,1
diminglu,d-126,1190,0,0,0,0,0,1
diminglu,d-127,368,0,0,0,0,0,0
diminglu,d-128,1087,0,0,0,0,0,0
diminglu,d-129,879,0,0,0,0,0,0
diminglu,d-13,660,1,0,0,0,0,0
diminglu,d-130,807,0,0,0,0,0,0
diminglu,d-131,864,0,0,0,0,0,0
diminglu,d-132,83,0,0,0,0,0,0
diminglu,d-133,1084,0,0,0,0,0,0
diminglu,d-134,824,0,0,0,0,0,1
diminglu,d-135,337,0,0,0,0,0,0
diminglu,d-136,1034,0,0,0,0,0,0
diminglu,d-137,879,0,0,0,0,0,1
diminglu,d-138,773,0,0,0,0,0,1
diminglu,d-139,351,0,0,0,0,0,0
diminglu,d-14,15,0,0,0,0,0,0
diminglu,d-140,1065,0,0,0,0,0,0
diminglu,d-141,873,0,0,0,0,0,0
diminglu,d-142,818,0,0,0,0,0,1
diminglu,d-143,113,0,0,0,0,0,0
diminglu,d-144,1039,0,0,0,0,0,0
diminglu,d-145,897,0,0,0,0,0,0
diminglu,d-146,745,0,0,0,0,0,0
diminglu,d-147,488,0,0,0,0,0,1
diminglu,d-148,1039,0,0,0,0,0,0
diminglu,d-149,770,0,0,0,0,0,1
diminglu,d-15,1165,0,0,0,0,0,0
diminglu,d-150,783,0,0,0,0,0,1
diminglu,d-151,555,0,0,0,0,0,1
diminglu,d-152,991,0,0,0,0,0,0
diminglu,d-153,1027,0,0,0,0,0,1
diminglu,d-154,835,0,0,0,0,0,1
diminglu,d-155,1287,0,0,0,0,0,0
diminglu,d-156,449,0,0,0,0,0,1
diminglu,d-157,1155,1,0,0,0,0,0
diminglu,d-158,75,0,0,0,0,0,0
diminglu,d-159,968,0,0,0,0,0,0
diminglu,d-16,299,0,0,0,0,0,0
diminglu,d-160,1001,0,0,0,0,0,1
diminglu,d-161,1146,1,0,0,0,0,0
diminglu,d-162,988,1,0,0,0,0,1
diminglu,d-163,937,0,0,0,0,0,1
diminglu,d-164,243,0,0,0,0,0,0
diminglu,d-165,1075,0,0,0,0,0,0
diminglu,d-166,909,0,0,0,0,0,0
diminglu,d-167,772,0,0,0,0,0,1
diminglu,d-168,1228,1,0,0,0,0,1
diminglu,d-169,1004,0,0,0,0,0,0
diminglu,d-17,2868,0,0,0,0,0,1
diminglu,d-170,893,0,0,0,0,0,1
diminglu,d-171,488,0,0,0,0,0,1
diminglu,d-172,1106,0,0,0,0,0,0
diminglu,d-173,914,0,0,0,0,0,1
diminglu,d-174,512,0,0,0,0,0,0
diminglu,d-175,1016,0,0,0,0,0,1
diminglu,d-176,934,0,0,0,0,0,1
diminglu,d-177,569,0,0,0,0,0,0
diminglu,d-178,988,0,0,0,0,0,0
diminglu,d-179,821,0,0,0,0,0,1
diminglu,d-18,560,0,0,0,0,0,0
diminglu,d-180,677,0,0,0,0,0,0
diminglu,d-181,1227,0,0,0,0,0,0
diminglu,d-182,207,0,0,0,0,0,0
diminglu,d-183,935,0,0,0,0,0,1
diminglu,d-184,797,0,0,0,0,0,0
diminglu,d-185,755,0,0,0,0,0,1
diminglu,d-186,1070,0,0,0,0,0,0
diminglu,d-187,822,0,0,0,0,0,0
diminglu,d-188,799,1,0,0,0,0,0
diminglu,d-189,1153,0,0,0,0,0,0
diminglu,d-19,109,0,0,0,0,0,0
diminglu,d-190,1027,0,0,0,0,0,1
diminglu,d-191,636,0,0,0,0,0,0
diminglu,d-192,1230,0,0,0,0,0,0
diminglu,d-193,388,0,0,0,0,0,0
diminglu,d-194,1205,0,0,0,0,0,1
diminglu,d-195,942,0,0,0,0,0,1
diminglu,d-196,757,0,0,0,0,0,1
diminglu,d-197,633,0,0,0,0,0,0
diminglu,d-198,1041,1,0,0,0,0,0
diminglu,d-199,863,1,0,0,0,0,1
diminglu,d-2,35,0,0,0,0,0,0
diminglu,d-20,124,0,0,0,0,0,0
diminglu,d-200,730,0,0,0,0,0,0
diminglu,d-201,799,0,0,0,0,0,0
diminglu,d-202,350,0,0,0,0,0,1
diminglu,d-203,1028,0,0,0,0,0,0
diminglu,d-204,760,0,0,0,0,0,0
diminglu,d-205,781,0,0,0,0,0,1
diminglu,d-206,810,0,0,0,0,0,0
diminglu,d-207,1022,0,0,0,0,0,0
diminglu,d-208,850,0,0,0,0,0,0
diminglu,d-209,800,0,0,0,0,0,1
diminglu,d-21,507,0,0,0,0,0,1
diminglu,d-210,865,0,0,0,0,0,0
diminglu,d-211,277,0,0,0,0,0,1
diminglu,d-212,1079,0,0,0,0,0,0
diminglu,d-213,866,0,0,0,0,0,0
diminglu,d-214,703,0,0,0,0,0,0
diminglu,d-215,291,0,0,0,0,0,1
diminglu,d-216,945,0,0,0,0,0,0
diminglu,d-217,902,0,0,0,0,0,1
diminglu,d-218,989,0,0,0,0,0,0
diminglu,d-219,265,0,0,0,0,0,1
diminglu,d-22,401,0,0,0,0,0,1
diminglu,d-220,1030,0,0,0,0,0,0
diminglu,d-221,802,1,0,0,0,0,1
diminglu,d-222,824,0,0,0,0,0,0
diminglu,d-223,725,0,0,0,0,0,0
diminglu,d-224,458,0,0,0,0,0,1
diminglu,d-225,1130,0,0,0,0,0,0
diminglu,d-226,771,0,0,0,0,0,1
diminglu,d-227,762,0,0,0,0,0,0
diminglu,d-228,620,0,0,0,0,0,0
diminglu,d-229,1084,1,0,0,0,0,0
diminglu,d-23,339,0,0,0,0,0,1
diminglu,d-230,965,0,0,0,0,0,0
diminglu,d-231,894,0,0,0,0,0,1
diminglu,d-232,85,0,0,0,0,0,1
diminglu,d-233,1321,0,0,0,0,0,0
diminglu,d-234,619,1,0,0,0,0,1
diminglu,d-235,1196,0,0,0,0,0,0
diminglu,d-236,864,0,0,0,0,0,1
diminglu,d-237,797,0,0,0,0,0,1
diminglu,d-238,576,0,0,0,0,0,0
diminglu,d-239,1034,0,0,0,0,0,0
diminglu,d-24,261,0,0,0,0,0,1
diminglu,d-240,838,1,0,0,0,0,1
diminglu,d-241,613,0,0,0,0,0,1
diminglu,d-242,1071,0,0,0,0,0,0
diminglu,d-243,936,0,0,0,0,0,1
diminglu,d-244,756,0,0,0,0,0,0
diminglu,d-245,365,0,0,0,0,0,0
diminglu,d-246,1127,0,0,0,0,0,0
diminglu,d-247,832,0,0,0,0,0,1
diminglu,d-248,654,0,0,0,0,0,0
diminglu,d-249,1106,0,0,0,0,0,0
diminglu,d-25,749,0,0,0,0,0,0
diminglu,d-250,826,0,0,0,0,0,0
diminglu,d-251,365,0,0,0,0,0,0
diminglu,d-252,1032,1,0,0,0,0,1
diminglu,d-253,822,1,0,0,0,0,1
diminglu,d-254,739,0,0,0,0,0,1
diminglu,d-255,958,0,0,0,0,0,0
diminglu,d-256,910,0,0,0,0,0,0
diminglu,d-257,897,0,0,0,0,0,0
diminglu,d-258,1004,0,0,0,0,0,0
diminglu,d-259,865,0,0,0,0,0,0
diminglu,d-26,1255,0,0,0,0,0,0
diminglu,d-260,884,0,0,0,0,0,1
diminglu,d-261,518,0,0,0,0,0,1
diminglu,d-262,1195,0,0,0,0,0,0
diminglu,d-263,598,1,0,0,0,0,0
diminglu,d-264,1021,0,0,0,0,0,0
diminglu,d-265,818,0,0,0,0,0,1
diminglu,d-266,959,0,0,0,0,0,1
diminglu,d-267,170,0,0,0,0,0,0
diminglu,d-268,967,0,0,0,0,0,0
diminglu,d-269,995,0,0,0,0,0,1
diminglu,d-27,437,0,0,0,0,0,0
diminglu,d-270,237,0,0,0,0,0,0
diminglu,d-271,1094,1,0,0,0,0,0
diminglu,d-272,921,0,0,0,0,0,0
diminglu,d-273,83,0,0,0,0,0,0
diminglu,d-274,1000,0,0,0,0,0,0
diminglu,d-275,864,0,0,0,0,0,1
diminglu,d-276,503,0,0,0,0,0,1
diminglu,,503,0,0,0,0,0,0
diminglu,d-277,280,0,0,0,0,0,0
diminglu,d-278,1078,0,0,0,0,0,0
diminglu,d-279,905,0,0,0,0,0,1
diminglu,d-28,1185,0,0,0,0,0,0
diminglu,d-280,907,0,0,0,0,0,1
diminglu,d-281,300,0,0,0,0,0,0
diminglu,d-282,1091,0,0,0,0,0,0
diminglu,d-283,1097,1,0,0,0,0,1
diminglu,d-284,918,0,0,0,0,0,1
diminglu,d-285,197,0,0,0,0,0,0
diminglu,d-286,1222,0,0,0,0,0,0
diminglu,d-287,286,0,0,0,0,0,1
diminglu,d-288,1012,0,0,0,0,0,0
diminglu,d-289,863,0,0,0,0,0,0
diminglu,d-29,128,0,0,0,0,0,0
diminglu,d-290,378,0,0,0,0,0,0
diminglu,d-291,1125,0,0,0,0,0,0
diminglu,d-292,1156,1,0,0,0,0,1
diminglu,d-293,841,0,0,0,0,0,1
diminglu,d-294,167,0,0,0,0,0,0
diminglu,d-295,1081,0,0,0,0,0,0
diminglu,d-296,855,0,0,0,0,0,0
diminglu,d-297,708,0,0,0,0,0,1
diminglu,d-298,877,0,0,0,0,0,0
diminglu,d-299,891,0,0,0,0,0,0
diminglu,d-3,620,1,0,0,0,0,0
diminglu,d-30,797,0,0,0,0,0,0
diminglu,d-300,733,0,0,0,0,0,0
diminglu,d-301,961,0,0,0,0,0,0
diminglu,d-302,943,0,0,0,0,0,1
diminglu,d-303,796,0,0,0,0,0,1
diminglu,d-304,79,0,0,0,0,0,0
diminglu,d-305,1038,0,0,0,0,0,0
diminglu,d-306,834,0,0,0,0,0,0
diminglu,d-307,835,0,0,0,0,0,0
diminglu,d-308,773,1,0,0,0,0,1
diminglu,d-309,118,0,0,0,0,0,0
diminglu,d-31,727,0,0,0,0,0,1
diminglu,d-310,1048,1,0,0,0,0,0
diminglu,d-311,817,0,0,0,0,0,1
diminglu,d-312,755,0,0,0,0,0,1
diminglu,d-313,761,0,0,0,0,0,1
diminglu,d-314,633,0,0,0,0,0,0
diminglu,d-315,16,0,0,0,0,0,0
diminglu,d-316,928,1,0,0,0,0,1
diminglu,d-317,718,0,0,0,0,0,0
diminglu,d-318,602,0,0,0,0,0,0
diminglu,d-319,109,0,0,0,0,0,0
diminglu,d-32,579,1,0,0,0,0,1
diminglu,d-320,4,0,0,0,0,0,0
diminglu,d-321,451,0,0,0,0,0,0
diminglu,d-322,454,0,0,0,0,0,0
diminglu,d-323,257,0,0,0,0,0,0
diminglu,d-324,275,0,0,0,0,0,0
diminglu,d-325,454,0,0,0,0,0,0
diminglu,d-326,947,0,0,0,0,0,0
diminglu,d-327,941,0,0,0,0,0,1
diminglu,d-328,937,0,0,0,0,0,0
diminglu,d-329,1061,0,0,0,0,0,1
diminglu,d-33,1131,0,0,0,0,0,0
diminglu,d-330,314,0,0,0,0,0,1
diminglu,d-331,15,0,0,0,0,0,0
diminglu,d-332,428,0,0,0,0,0,1
diminglu,d-333,461,0,0,0,0,0,0
diminglu,d-334,577,0,0,0,0,0,0
diminglu,d-335,1056,0,0,0,0,0,1
diminglu,d-336,1107,0,0,0,0,0,1
diminglu,d-337,1163,0,0,0,0,0,1
diminglu,d-338,968,0,0,0,0,0,0
diminglu,d-339,743,0,0,0,0,0,0
diminglu,d-34,753,0,0,0,0,0,1
diminglu,d-340,12,0,0,0,0,0,0
diminglu,d-341,954,1,0,0,0,0,1
diminglu,d-342,772,1,0,0,0,0,0
diminglu,d-343,797,1,0,0,0,0,0
diminglu,d-344,320,0,0,0,0,0,0
diminglu,d-345,6,0,0,0,0,0,0
diminglu,d-346,839,1,0,0,0,0,0
diminglu,d-347,597,0,0,0,0,0,0
diminglu,d-348,726,1,0,0,0,0,1
diminglu,d-349,850,0,0,0,0,0,0
diminglu,d-35,851,0,0,0,0,0,1
diminglu,d-350,838,0,0,0,0,0,1
diminglu,d-351,955,0,0,0,0,0,0
diminglu,d-352,985,0,0,0,0,0,1
diminglu,d-353,965,0,0,0,0,0,0
diminglu,d-354,844,0,0,0,0,0,0
diminglu,d-355,791,0,0,0,0,0,0
diminglu,d-356,143,0,0,0,0,0,0
diminglu,d-357,389,0,0,0,0,0,0
diminglu,d-358,399,0,0,0,0,0,0
diminglu,d-359,403,0,0,0,0,0,0
diminglu,d-36,267,0,0,0,0,0,0
diminglu,d-360,440,0,0,0,0,0,1
diminglu,d-361,424,0,0,0,0,0,1
diminglu,d-362,414,0,0,0,0,0,0
diminglu,d-363,414,0,0,0,0,0,0
diminglu,d-364,465,0,0,0,0,0,0
diminglu,d-365,401,0,0,0,0,0,0
diminglu,d-366,442,0,0,0,0,0,0
diminglu,d-367,427,0,0,0,0,0,0
diminglu,d-368,455,0,0,0,0,0,0
diminglu,d-369,412,0,0,0,0,0,0
diminglu,d-37,1163,0,0,0,0,0,0
diminglu,d-370,419,0,0,0,0,0,0
diminglu,d-371,428,0,0,0,0,0,0
diminglu,d-372,383,0,0,0,0,0,0
diminglu,d-373,429,0,0,0,0,0,0
diminglu,d-374,413,0,0,0,0,0,1
diminglu,d-375,386,0,0,0,0,0,1
diminglu,d-376,404,0,0,0,0,0,0
diminglu,d-377,381,0,0,0,0,0,0
diminglu,d-378,471,0,0,0,0,0,0
diminglu,d-379,454,0,0,0,0,0,0
diminglu,d-38,815,0,0,0,0,0,1
diminglu,d-380,408,0,0,0,0,0,1
diminglu,d-381,408,0,0,0,0,0,0
diminglu,d-382,418,0,0,0,0,0,0
diminglu,d-383,385,0,0,0,0,0,0
diminglu,d-384,419,0,0,0,0,0,1
diminglu,d-385,388,0,0,0,0,0,0
diminglu,d-386,434,0,0,0,0,0,0
diminglu,d-387,416,0,0,0,0,0,0
diminglu,d-388,384,0,0,0,0,0,0
diminglu,d-389,413,0,0,0,0,0,0
diminglu,d-39,500,0,0,0,0,0,1
diminglu,d-390,427,0,0,0,0,0,0
diminglu,d-391,435,0,0,0,0,0,0
diminglu,d-392,415,0,0,0,0,0,0
diminglu,d-393,413,0,0,0,0,0,1
diminglu,d-394,429,0,0,0,0,0,0
diminglu,d-395,412,0,0,0,0,0,0
diminglu,d-396,421,0,0,0,0,0,0
diminglu,d-397,385,0,0,0,0,0,1
diminglu,d-398,868,0,0,0,0,0,0
diminglu,d-399,1299,0,0,0,0,0,0
diminglu,d-4,517,0,0,0,0,0,0
diminglu,d-40,1094,0,0,0,0,0,0
diminglu,d-400,1307,0,0,0,0,0,0
diminglu,d-401,1308,0,0,0,0,0,0
diminglu,d-402,1346,0,0,0,0,0,0
diminglu,d-403,1330,0,0,0,0,0,1
diminglu,d-404,1374,0,0,0,0,0,0
diminglu,d-405,1297,0,0,0,0,0,0
diminglu,d-406,1356,0,0,0,0,0,0
diminglu,d-407,1416,0,0,0,0,0,0
diminglu,d-408,1365,0,0,0,0,0,0
diminglu,d-409,1371,0,0,0,0,0,0
diminglu,d-41,106,1,0,0,0,0,0
diminglu,d-410,1409,0,0,0,0,0,1
diminglu,d-411,657,0,0,0,0,0,0
diminglu,d-412,572,1,0,0,0,0,1
diminglu,d-42,729,0,0,0,0,0,1
diminglu,d-43,811,1,0,0,0,0,0
diminglu,d-44,374,0,0,0,0,0,1
diminglu,d-45,1121,0,0,0,0,0,0
diminglu,d-46,809,0,0,0,0,0,1
diminglu,d-47,806,0,0,0,0,0,1
diminglu,d-48,180,0,0,0,0,0,1
diminglu,d-49,1181,0,0,0,0,0,0
diminglu,d-5,611,0,0,0,0,0,0
diminglu,d-50,138,0,0,0,0,0,0
diminglu,d-51,807,0,0,0,0,0,1
diminglu,d-52,744,0,0,0,0,0,0
diminglu,d-53,796,0,0,0,0,0,1
diminglu,d-54,117,0,0,0,0,0,0
diminglu,d-55,1122,0,0,0,0,0,0
diminglu,d-56,947,0,0,0,0,0,1
diminglu,d-57,903,0,0,0,0,0,1
diminglu,d-58,136,0,0,0,0,0,0
diminglu,d-59,1308,0,0,0,0,0,0
diminglu,d-6,630,0,0,0,0,0,0
diminglu,d-60,379,1,0,0,0,0,0
diminglu,d-61,1246,0,0,0,0,0,0
diminglu,d-62,795,0,0,0,0,0,0
diminglu,d-63,812,0,0,0,0,0,1
diminglu,d-64,304,0,0,0,0,0,0
diminglu,d-65,1197,1,0,0,0,0,0
diminglu,d-66,792,1,0,0,0,0,0
diminglu,d-67,830,1,0,0,0,0,1
diminglu,d-68,231,0,0,0,0,0,0
diminglu,d-69,1080,0,0,0,0,0,0
diminglu,d-7,178,0,0,0,0,0,0
diminglu,d-70,832,0,0,0,0,0,1
diminglu,d-71,837,0,0,0,0,0,1
diminglu,d-72,650,1,0,0,0,0,1
diminglu,d-73,1165,0,0,0,0,0,1
diminglu,d-74,62,0,0,0,0,0,0
diminglu,d-75,905,0,0,0,0,0,0
diminglu,d-76,750,1,0,0,0,0,1
diminglu,d-77,443,0,0,0,0,0,0
diminglu,d-78,1081,0,0,0,0,0,0
diminglu,d-79,770,0,0,0,0,0,1
diminglu,d-8,1125,0,0,0,0,0,1
diminglu,d-80,836,0,0,0,0,0,1
diminglu,d-81,284,0,0,0,0,0,0
diminglu,d-82,974,0,0,0,0,0,1
diminglu,d-83,852,0,0,0,0,0,1
diminglu,d-84,684,1,0,0,0,0,0
diminglu,d-85,1202,0,0,0,0,0,0
diminglu,d-86,823,0,0,0,0,0,0
diminglu,d-87,784,0,0,0,0,0,1
diminglu,d-88,749,0,0,0,0,0,1
diminglu,d-89,200,0,0,0,0,0,1
diminglu,d-9,1185,0,0,0,0,0,0
diminglu,d-90,1175,0,0,0,0,0,0
diminglu,d-91,244,0,0,0,0,0,0
diminglu,d-92,1034,0,0,0,0,0,0
diminglu,d-93,735,0,0,0,0,0,0
diminglu,d-94,809,0,0,0,0,0,0
diminglu,d-95,809,0,0,0,0,0,0
diminglu,d-96,841,0,0,0,0,0,0
diminglu,d-97,644,0,0,0,0,0,1
diminglu,d-98,1021,0,0,0,0,0,0
diminglu,d-99,876,0,0,0,0,0,1
yiwengushi18,m-1,9,0,0,0,0,0,0
yiwengushi18,m-10,513,0,0,0,0,0,0
yiwengushi18,m-100,186,0,0,0,0,0,1
yiwengushi18,m-101,396,0,0,0,0,0,1
yiwengushi18,m-102,403,0,0,0,0,0,0
yiwengushi18,m-103,447,0,0,0,0,0,1
yiwengushi18,m-104,397,1,0,0,0,0,0
yiwengushi18,m-105,207,0,0,0,0,0,0
yiwengushi18,m-106,295,0,0,0,0,0,0
yiwengushi18,m-107,495,1,0,0,0,0,1
yiwengushi18,m-108,498,0,0,0,0,0,0
yiwengushi18,m-109,346,0,0,0,0,0,0
yiwengushi18,m-11,348,0,0,0,0,0,0
yiwengushi18,m-110,297,0,0,0,0,0,0
yiwengushi18,m-111,328,0,0,0,0,0,0
yiwengushi18,m-112,296,0,0,0,0,0,0
yiwengushi18,m-113,480,1,0,0,0,0,0
yiwengushi18,m-114,116,0,0,0,0,0,0
yiwengushi18,m-115,311,0,0,0,0,0,0
yiwengushi18,m-116,363,0,0,0,0,0,0
yiwengushi18,m-117,278,0,0,0,0,0,0
yiwengushi18,m-118,520,0,0,0,0,0,0
yiwengushi18,m-119,310,0,0,0,0,0,0
yiwengushi18,m-12,206,1,0,0,0,0,0
yiwengushi18,m-120,305,0,0,0,0,0,0
yiwengushi18,m-121,519,1,0,0,0,0,0
yiwengushi18,m-122,47,0,0,0,0,0,0
yiwengushi18,m-123,277,0,0,0,0,0,1
yiwengushi18,m-124,504,0,0,0,0,0,0
yiwengushi18,m-125,516,0,0,0,0,0,0
yiwengushi18,m-126,517,0,0,0,0,0,0
yiwengushi18,m-127,480,1,0,0,0,0,0
yiwengushi18,m-128,521,1,0,0,0,0,0
yiwengushi18,m-129,493,1,0,0,0,0,0
yiwengushi18,m-13,491,0,0,0,0,0,1
yiwengushi18,m-130,516,1,0,0,0,0,0
yiwengushi18,m-131,301,0,0,0,0,0,0
yiwengushi18,m-132,263,0,0,0,0,0,0
yiwengushi18,m-133,430,0,0,0,0,0,0
yiwengushi18,m-134,243,0,0,0,0,0,0
yiwengushi18,m-135,287,0,0,0,0,0,0
yiwengushi18,m-136,481,1,0,0,0,0,0
yiwengushi18,m-137,455,0,0,0,0,0,0
yiwengushi18,m-138,310,0,0,0,0,0,0
yiwengushi18,m-139,438,0,0,0,0,0,1
yiwengushi18,m-14,156,0,0,0,0,0,0
yiwengushi18,m-140,336,0,0,0,0,0,0
yiwengushi18,m-141,303,0,0,0,0,0,0
yiwengushi18,m-142,289,0,0,0,0,0,0
yiwengushi18,m-143,273,1,0,0,0,0,0
yiwengushi18,m-144,303,0,0,0,0,0,0
yiwengushi18,m-145,274,0,0,0,0,0,0
yiwengushi18,m-146,298,0,0,0,0,0,0
yiwengushi18,m-147,481,1,0,0,0,0,0
yiwengushi18,m-148,460,0,0,0,0,0,0
yiwengushi18,m-149,429,1,0,0,0,0,0
yiwengushi18,m-15,308,0,0,0,0,0,0
yiwengushi18,m-150,287,0,0,0,0,0,0
yiwengushi18,m-151,440,0,0,0,0,0,0
yiwengushi18,m-152,182,1,0,0,0,0,0
yiwengushi18,m-153,323,1,0,0,0,0,1
yiwengushi18,m-154,500,1,0,0,0,0,1
yiwengushi18,m-155,387,1,0,0,0,0,0
yiwengushi18,m-156,320,1,0,0,0,0,0
yiwengushi18,m-157,500,0,0,0,0,0,0
yiwengushi18,m-158,491,0,0,0,0,0,0
yiwengushi18,m-159,438,0,0,0,0,0,0
yiwengushi18,m-16,470,0,0,0,0,0,1
yiwengushi18,m-160,376,1,0,0,0,0,0
yiwengushi18,m-161,196,1,0,0,0,0,0
yiwengushi18,m-162,300,0,0,0,0,0,0
yiwengushi18,m-163,510,0,0,0,0,0,0
yiwengushi18,m-164,443,0,0,0,0,0,0
yiwengushi18,m-165,292,0,0,0,0,0,0
yiwengushi18,m-166,444,0,0,0,0,0,0
yiwengushi18,m-167,397,1,0,0,0,0,0
yiwengushi18,m-168,342,0,0,0,0,0,0
yiwengushi18,m-169,493,0,0,0,0,0,0
yiwengushi18,m-17,494,1,0,0,0,0,0
yiwengushi18,m-170,194,0,0,0,0,0,0
yiwengushi18,m-171,304,0,0,0,0,0,0
yiwengushi18,m-172,187,0,0,0,0,0,0
yiwengushi18,m-173,1254,0,0,0,0,0,0
yiwengushi18,m-18,456,0,0,0,0,0,0
yiwengushi18,m-19,168,0,0,0,0,0,0
yiwengushi18,m-2,137,0,0,0,0,0,1
yiwengushi18,m-20,301,0,0,0,0,0,0
yiwengushi18,m-21,502,1,0,0,0,0,1
yiwengushi18,m-22,470,1,0,0,0,0,0
yiwengushi18,m-23,503,0,0,0,0,0,0
yiwengushi18,m-24,154,0,0,0,0,0,0
yiwengushi18,m-25,302,0,0,0,0,0,0
yiwengushi18,m-26,494,0,0,0,0,0,0
yiwengushi18,m-27,499,1,0,0,0,0,0
yiwengushi18,m-28,432,1,0,0,0,0,0
yiwengushi18,m-29,252,0,0,0,0,0,0
yiwengushi18,m-3,32,0,0,0,0,0,0
yiwengushi18,m-30,521,0,0,0,0,0,0
yiwengushi18,m-31,428,1,0,0,0,0,0
yiwengushi18,m-32,496,1,0,0,0,0,0
yiwengushi18,m-33,465,1,0,0,0,0,0
yiwengushi18,m-34,83,0,0,0,0,0,0
yiwengushi18,m-35,311,1,0,0,0,0,0
yiwengushi18,m-36,515,0,0,0,0,0,0
yiwengushi18,m-37,528,1,0,0,0,0,0
yiwengushi18,m-38,530,0,0,0,0,0,0
yiwengushi18,m-39,505,0,0,0,0,0,0
yiwengushi18,m-4,78,0,0,0,0,0,0
yiwengushi18,m-40,457,1,0,0,0,0,1
yiwengushi18,m-41,312,1,0,0,0,0,0
yiwengushi18,m-42,517,1,0,0,0,0,0
yiwengushi18,m-43,455,1,0,0,0,0,0
yiwengushi18,m-44,315,1,0,0,0,0,1
yiwengushi18,m-45,434,1,0,0,0,0,0
yiwengushi18,m-46,484,0,0,0,0,0,0
yiwengushi18,m-47,467,0,0,0,0,0,0
yiwengushi18,m-48,124,0,0,0,0,0,0
yiwengushi18,m-49,297,1,0,0,0,0,0
yiwengushi18,m-5,22,0,0,0,0,0,0
yiwengushi18,m-50,472,0,0,0,0,0,0
yiwengushi18,m-51,286,0,0,0,0,0,0
yiwengushi18,m-52,288,0,0,0,0,0,0
yiwengushi18,m-53,492,1,0,0,0,0,0
yiwengushi18,m-54,528,0,0,0,0,0,0
yiwengushi18,m-55,137,0,0,0,0,0,0
yiwengushi18,m-56,256,0,0,0,0,0,0
yiwengushi18,m-57,522,0,0,0,0,0,0
yiwengushi18,m-58,382,0,0,0,0,0,0
yiwengushi18,m-59,285,1,0,0,0,0,0
yiwengushi18,m-6,24,0,0,0,0,0,0
yiwengushi18,m-60,299,0,0,0,0,0,1
yiwengushi18,m-61,273,0,0,0,0,0,0
yiwengushi18,m-62,468,1,0,0,0,0,0
yiwengushi18,m-63,431,0,0,0,0,0,0
yiwengushi18,m-64,458,0,0,0,0,0,0
yiwengushi18,m-65,442,1,0,0,0,0,0
yiwengushi18,m-66,54,0,0,0,0,0,0
yiwengushi18,m-67,304,0,0,0,0,0,0
yiwengushi18,m-68,444,0,0,0,0,0,0
yiwengushi18,m-69,433,0,0,0,0,0,0
yiwengushi18,m-7,310,0,0,0,0,0,0
yiwengushi18,m-70,281,0,0,0,0,0,0
yiwengushi18,m-71,306,0,0,0,0,0,0
yiwengushi18,m-72,464,0,0,0,0,0,0
yiwengushi18,m-73,458,1,0,0,0,0,1
yiwengushi18,m-74,484,1,0,0,0,0,0
yiwengushi18,m-75,73,0,0,0,0,0,0
yiwengushi18,m-76,311,0,0,0,0,0,0
yiwengushi18,m-77,473,0,0,0,0,0,0
yiwengushi18,m-78,504,0,0,0,0,0,0
yiwengushi18,m-79,486,1,0,0,0,0,0
yiwengushi18,m-8,517,0,0,0,0,0,1
yiwengushi18,m-80,109,0,0,0,0,0,0
yiwengushi18,m-81,311,0,0,0,0,0,0
yiwengushi18,m-82,378,0,0,0,0,0,1
yiwengushi18,m-83,492,0,0,0,0,0,0
yiwengushi18,m-84,506,0,0,0,0,0,0
yiwengushi18,m-85,439,0,0,0,0,0,0
yiwengushi18,m-86,433,0,0,0,0,0,0
yiwengushi18,m-87,491,0,0,0,0,0,0
yiwengushi18,m-88,439,0,0,0,0,0,0
yiwengushi18,m-89,498,0,0,0,0,0,0
yiwengushi18,m-9,508,0,0,0,0,0,0
yiwengushi18,m-90,254,0,0,0,0,0,0
yiwengushi18,m-91,297,0,0,0,0,0,0
yiwengushi18,m-92,506,0,0,0,0,0,0
yiwengushi18,m-93,366,0,0,0,0,0,0
yiwengushi18,m-94,326,0,0,0,0,0,0
yiwengushi18,m-95,515,1,0,0,0,0,0
yiwengushi18,m-96,491,0,0,0,0,0,0
yiwengushi18,m-97,309,0,0,0,0,0,0
yiwengushi18,m-98,524,1,0,0,0,0,1
yiwengushi18,m-99,75,0,0,0,0,0,0
jicheng52,j-1,1944,0,0,0,0,0,1
jicheng52,j-10,804,0,0,0,0,0,0
jicheng52,j-100,694,0,0,0,0,0,1
jicheng52,j-101,794,0,0,0,0,0,1
jicheng52,j-102,815,0,0,0,0,0,1
jicheng52,j-103,659,0,0,0,0,0,1
jicheng52,j-104,948,0,0,0,0,0,0
jicheng52,j-105,400,0,0,0,0,0,1
jicheng52,j-106,660,0,0,0,0,0,1
jicheng52,j-107,474,0,0,0,0,0,1
jicheng52,j-108,445,0,0,0,0,0,0
jicheng52,j-109,706,0,0,0,0,0,1
jicheng52,j-11,590,0,0,0,0,0,0
jicheng52,j-110,894,0,0,0,0,0,0
jicheng52,j-111,772,0,0,0,0,0,1
jicheng52,j-112,503,0,0,0,0,0,1
jicheng52,j-113,896,0,0,0,0,0,0
jicheng52,j-114,483,0,0,0,0,0,0
jicheng52,j-115,1052,0,0,0,0,0,0
jicheng52,j-116,977,0,0,0,0,0,0
jicheng52,j-117,882,0,0,0,0,0,1
jicheng52,j-118,1403,1,0,0,0,0,0
jicheng52,j-119,1522,1,0,0,0,0,1
jicheng52,j-12,387,0,0,0,0,0,1
jicheng52,j-120,1793,0,0,0,0,0,1
jicheng52,j-121,1771,0,0,0,0,0,0
jicheng52,j-122,1505,0,0,0,0,0,0
jicheng52,j-123,1839,0,0,0,0,0,1
jicheng52,j-124,1432,0,0,0,0,0,0
jicheng52,j-125,1628,0,0,0,0,0,1
jicheng52,j-126,1300,0,0,0,0,0,1
jicheng52,j-127,1803,0,0,0,0,0,1
jicheng52,j-128,1325,0,0,0,0,0,1
jicheng52,j-129,1510,0,0,0,0,0,0
jicheng52,j-13,625,0,0,0,0,0,0
jicheng52,j-130,1341,0,0,0,0,0,0
jicheng52,j-131,1094,0,0,0,0,0,0
jicheng52,j-132,1126,0,0,0,0,0,0
jicheng52,j-133,1586,0,0,0,0,0,0
jicheng52,j-134,1590,1,0,0,0,0,0
jicheng52,j-135,1487,0,0,0,0,0,1
jicheng52,j-136,1387,0,0,0,0,0,1
jicheng52,j-137,1049,0,0,0,0,0,1
jicheng52,j-138,1027,0,0,0,0,0,0
jicheng52,j-139,1049,0,0,0,0,0,1
jicheng52,j-14,872,0,0,0,0,0,0
jicheng52,j-140,1128,0,0,0,0,0,0
jicheng52,j-141,1164,0,0,0,0,0,1
jicheng52,j-142,1307,0,0,0,0,0,1
jicheng52,j-143,1414,0,0,0,0,0,0
jicheng52,j-144,1561,1,0,0,0,0,1
jicheng52,j-145,1682,0,0,0,0,0,1
jicheng52,j-146,1504,0,0,0,0,0,1
jicheng52,j-147,1253,0,0,0,0,0,1
jicheng52,j-148,1518,0,0,0,0,0,0
jicheng52,j-149,1321,0,0,0,0,0,1
jicheng52,j-15,1192,0,0,0,0,0,1
jicheng52,j-150,1501,0,0,0,0,0,1
jicheng52,j-151,1619,0,0,0,0,0,0
jicheng52,j-152,1453,0,0,0,0,0,0
jicheng52,j-153,918,0,0,0,0,0,1
jicheng52,j-154,1349,0,0,0,0,0,0
jicheng52,j-155,764,0,0,0,0,0,0
jicheng52,j-156,1410,0,0,0,0,0,1
jicheng52,j-157,1254,0,0,0,0,0,0
jicheng52,j-158,797,0,0,0,0,0,0
jicheng52,j-159,890,0,0,0,0,0,1
jicheng52,j-16,573,0,0,0,0,0,1
jicheng52,j-160,1082,0,0,0,0,0,1
jicheng52,j-161,886,1,0,0,0,0,1
jicheng52,j-162,1074,0,0,0,0,0,0
jicheng52,j-163,1037,0,0,0,0,0,1
jicheng52,j-164,1091,0,0,0,0,0,1
jicheng52,j-165,1016,0,0,0,0,0,1
jicheng52,j-166,1019,0,0,0,0,0,1
jicheng52,j-167,882,0,0,0,0,0,1
jicheng52,j-168,992,0,0,0,0,0,0
jicheng52,j-169,1012,0,0,0,0,0,0
jicheng52,j-17,753,0,0,0,0,0,1
jicheng52,j-170,954,0,0,0,0,0,1
jicheng52,j-171,1135,0,0,0,0,0,0
jicheng52,j-172,1060,0,0,0,0,0,0
jicheng52,j-173,987,0,0,0,0,0,0
jicheng52,j-174,1070,0,0,0,0,0,1
jicheng52,j-175,959,0,0,0,0,0,1
jicheng52,j-176,1060,0,0,0,0,0,0
jicheng52,j-177,1036,0,0,0,0,0,0
jicheng52,j-178,941,0,0,0,0,0,1
jicheng52,j-179,1047,0,0,0,0,0,1
jicheng52,j-18,1288,0,0,0,0,0,0
jicheng52,j-180,951,0,0,0,0,0,1
jicheng52,j-181,983,0,0,0,0,0,1
jicheng52,j-182,1090,1,0,0,0,0,1
jicheng52,j-183,1008,0,0,0,0,0,0
jicheng52,j-184,820,1,0,0,0,0,1
jicheng52,j-185,829,0,0,0,0,0,0
jicheng52,j-186,805,0,0,0,0,0,1
jicheng52,j-187,842,0,0,0,0,0,1
jicheng52,j-188,858,0,0,0,0,0,0
jicheng52,j-189,1002,0,0,0,0,0,1
jicheng52,j-19,617,0,0,0,0,0,1
jicheng52,j-190,932,0,0,0,0,0,1
jicheng52,j-191,1033,0,0,0,0,0,1
jicheng52,j-192,996,0,0,0,0,0,0
jicheng52,j-193,915,0,0,0,0,0,1
jicheng52,j-194,937,0,0,0,0,0,0
jicheng52,j-195,883,0,0,0,0,0,1
jicheng52,j-196,1106,0,0,0,0,0,1
jicheng52,j-197,970,0,0,0,0,0,1
jicheng52,j-198,740,0,0,0,0,0,0
jicheng52,j-199,1075,0,0,0,0,0,0
jicheng52,j-2,3534,0,0,0,0,0,1
jicheng52,j-20,566,0,0,0,0,0,1
jicheng52,j-200,1064,0,0,0,0,0,0
jicheng52,j-201,1022,0,0,0,0,0,0
jicheng52,j-202,862,0,0,0,0,0,0
jicheng52,j-203,1103,0,0,0,0,0,0
jicheng52,j-204,1130,1,0,0,0,0,0
jicheng52,j-205,794,0,0,0,0,0,1
jicheng52,j-206,975,0,0,0,0,0,1
jicheng52,j-207,936,0,0,0,0,0,0
jicheng52,j-208,900,0,0,0,0,0,1
jicheng52,j-209,944,0,0,0,0,0,0
jicheng52,j-21,312,0,0,0,0,0,0
jicheng52,j-210,952,0,0,0,0,0,1
jicheng52,j-211,992,0,0,0,0,0,1
jicheng52,j-212,926,0,0,0,0,0,1
jicheng52,j-213,977,0,0,0,0,0,0
jicheng52,j-214,563,0,0,0,0,0,0
jicheng52,j-215,1030,0,0,0,0,0,0
jicheng52,j-216,1094,0,0,0,0,0,1
jicheng52,j-217,882,0,0,0,0,0,1
jicheng52,j-218,925,0,0,0,0,0,1
jicheng52,j-219,143,0,0,0,0,0,0
jicheng52,j-22,413,0,0,0,0,0,0
jicheng52,j-220,0,0,0,0,0,0,0
jicheng52,j-221,4,0,0,0,0,0,0
jicheng52,j-222,27,0,0,0,0,0,1
jicheng52,j-223,1132,0,0,0,0,0,1
jicheng52,j-224,748,0,0,0,0,0,0
jicheng52,j-225,639,0,0,0,0,0,1
jicheng52,j-226,559,0,0,0,0,0,1
jicheng52,j-227,730,0,0,0,0,0,1
jicheng52,j-228,521,0,0,0,0,0,1
jicheng52,j-229,924,1,0,0,0,0,0
jicheng52,j-23,540,0,0,0,0,0,1
jicheng52,j-230,941,0,0,0,0,0,1
jicheng52,j-231,1528,1,0,0,0,0,0
jicheng52,j-232,706,0,0,0,0,0,1
jicheng52,j-233,583,0,0,0,0,0,0
jicheng52,j-234,1506,0,0,0,0,0,1
jicheng52,j-235,793,0,0,0,0,0,0
jicheng52,j-236,1195,0,0,0,0,0,1
jicheng52,j-237,1317,0,0,0,0,0,0
jicheng52,j-238,1444,0,0,0,0,0,0
jicheng52,j-239,2137,0,0,0,0,0,1
jicheng52,j-24,1146,0,0,0,0,0,0
jicheng52,j-240,957,0,0,0,0,0,1
jicheng52,j-241,1201,0,0,0,0,0,0
jicheng52,j-242,1087,0,0,0,0,0,1
jicheng52,j-243,1124,0,0,0,0,0,1
jicheng52,j-244,1032,0,0,0,0,0,0
jicheng52,j-245,1469,0,0,0,0,0,1
jicheng52,j-246,1066,0,0,0,0,0,1
jicheng52,j-247,521,0,0,0,0,0,0
jicheng52,j-248,1203,0,0,0,0,0,1
jicheng52,j-249,458,0,0,0,0,0,0
jicheng52,j-25,1016,1,0,0,0,0,1
jicheng52,j-250,766,0,0,0,0,0,1
jicheng52,j-251,1083,0,0,0,0,0,1
jicheng52,j-252,1003,0,0,0,0,0,0
jicheng52,j-253,775,0,0,0,0,0,1
jicheng52,j-254,983,0,0,0,0,0,1
jicheng52,j-255,966,0,0,0,0,0,1
jicheng52,j-256,459,0,0,0,0,0,1
jicheng52,j-257,1010,0,0,0,0,0,1
jicheng52,j-258,589,0,0,0,0,0,1
jicheng52,j-259,536,0,0,0,0,0,1
jicheng52,j-26,1107,0,0,0,0,0,0
jicheng52,j-260,856,0,0,0,0,0,1
jicheng52,j-261,970,0,0,0,0,0,1
jicheng52,j-262,1004,0,0,0,0,0,0
jicheng52,j-263,1072,0,0,0,0,0,0
jicheng52,j-264,909,0,0,0,0,0,0
jicheng52,j-265,386,0,0,0,0,0,1
jicheng52,j-266,751,0,0,0,0,0,1
jicheng52,j-267,652,0,0,0,0,0,1
jicheng52,j-268,273,0,0,0,0,0,1
jicheng52,j-269,463,0,0,0,0,0,1
jicheng52,j-27,972,0,0,0,0,0,1
jicheng52,j-270,206,0,0,0,0,0,1
jicheng52,j-271,333,0,0,0,0,0,1
jicheng52,j-272,287,0,0,0,0,0,0
jicheng52,j-273,548,0,0,0,0,0,1
jicheng52,j-274,553,0,0,0,0,0,1
jicheng52,j-275,1294,0,0,0,0,0,1
jicheng52,j-276,2114,0,0,0,0,0,1
jicheng52,j-277,550,0,0,0,0,0,1
jicheng52,j-278,1044,0,0,0,0,0,0
jicheng52,j-279,1327,0,0,0,0,0,1
jicheng52,j-28,545,0,0,0,0,0,0
jicheng52,j-280,1367,0,0,0,0,0,1
jicheng52,j-281,1040,0,0,0,0,0,0
jicheng52,j-282,1460,0,0,0,0,0,1
jicheng52,j-283,718,0,0,0,0,0,0
jicheng52,j-284,2043,0,0,0,0,0,1
jicheng52,j-285,1296,0,0,0,0,0,1
jicheng52,j-286,789,0,0,0,0,0,0
jicheng52,j-287,670,0,0,0,0,0,0
jicheng52,j-288,765,1,0,0,0,0,0
jicheng52,j-289,919,1,0,0,0,0,1
jicheng52,j-29,548,0,0,0,0,0,0
jicheng52,j-290,568,0,0,0,0,0,0
jicheng52,j-291,829,0,0,0,0,0,1
jicheng52,j-292,1369,0,0,0,0,0,1
jicheng52,j-293,749,0,0,0,0,0,1
jicheng52,j-294,512,0,0,0,0,0,0
jicheng52,j-295,435,0,0,0,0,0,0
jicheng52,j-296,1130,0,0,0,0,0,1
jicheng52,j-297,1036,0,0,0,0,0,1
jicheng52,j-298,125,0,0,0,0,0,0
jicheng52,j-299,1225,0,0,0,0,0,1
jicheng52,j-3,72,0,0,0,0,0,0
jicheng52,j-30,818,0,0,0,0,0,0
jicheng52,j-300,1298,0,0,0,0,0,1
jicheng52,j-301,651,0,0,0,0,0,0
jicheng52,j-302,774,0,0,0,0,0,1
jicheng52,j-303,1133,0,0,0,0,0,1
jicheng52,j-304,1114,0,0,0,0,0,0
jicheng52,j-305,1054,0,0,0,0,0,0
jicheng52,j-306,1062,0,0,0,0,0,0
jicheng52,j-307,681,0,0,0,0,0,1
jicheng52,j-308,1291,0,0,0,0,0,0
jicheng52,j-309,232,0,0,0,0,0,0
jicheng52,j-31,816,0,0,0,0,0,0
jicheng52,j-310,1436,0,0,0,0,0,1
jicheng52,j-311,1435,0,0,0,0,0,1
jicheng52,j-312,1075,0,0,0,0,0,1
jicheng52,j-313,1353,0,0,0,0,0,1
jicheng52,j-314,1438,1,0,0,0,0,0
jicheng52,j-315,1090,0,0,0,0,0,1
jicheng52,j-316,931,0,0,0,0,0,1
jicheng52,j-317,933,0,0,0,0,0,1
jicheng52,j-318,680,0,0,0,0,0,0
jicheng52,j-319,1374,0,0,0,0,0,1
jicheng52,j-32,885,0,0,0,0,0,1
jicheng52,j-320,1335,0,0,0,0,0,1
jicheng52,j-321,1358,0,0,0,0,0,1
jicheng52,j-322,1407,1,0,0,0,0,1
jicheng52,j-323,1386,0,0,0,0,0,1
jicheng52,j-324,1237,1,0,0,0,0,1
jicheng52,j-325,1316,0,0,0,0,0,1
jicheng52,j-326,1413,1,0,0,0,0,1
jicheng52,j-327,1134,0,0,0,0,0,1
jicheng52,j-328,1444,1,0,0,0,0,1
jicheng52,j-329,1449,1,0,0,0,0,0
jicheng52,j-33,834,0,0,0,0,0,1
jicheng52,j-330,1394,0,0,0,0,0,1
jicheng52,j-331,1335,1,0,0,0,0,1
jicheng52,j-332,853,0,0,0,0,0,1
jicheng52,j-333,1361,0,0,0,0,0,1
jicheng52,j-334,1304,1,0,0,0,0,0
jicheng52,j-335,587,0,0,0,0,0,0
jicheng52,j-336,722,0,0,0,0,0,1
jicheng52,j-337,1094,0,0,0,0,0,0
jicheng52,j-338,1175,0,0,0,0,0,0
jicheng52,j-339,1164,0,0,0,0,0,1
jicheng52,j-34,587,0,0,0,0,0,0
jicheng52,j-340,1168,0,0,0,0,0,1
jicheng52,j-341,1238,0,0,0,0,0,1
jicheng52,j-342,1250,0,0,0,0,0,1
jicheng52,j-343,837,0,0,0,0,0,0
jicheng52,j-344,1215,0,0,0,0,0,1
jicheng52,j-345,1043,0,0,0,0,0,1
jicheng52,j-346,880,1,0,0,0,0,0
jicheng52,j-347,1254,1,0,0,0,0,1
jicheng52,j-348,848,1,0,0,0,0,0
jicheng52,j-349,1370,1,0,0,0,0,0
jicheng52,j-35,469,0,0,0,0,0,0
jicheng52,j-350,1374,1,0,0,0,0,0
jicheng52,j-351,318,1,0,0,0,0,0
jicheng52,j-352,1187,1,0,0,0,0,0
jicheng52,j-353,1349,0,0,0,0,0,1
jicheng52,j-354,1323,0,0,0,0,0,1
jicheng52,j-355,1385,0,0,0,0,0,0
jicheng52,j-356,1176,1,0,0,0,0,1
jicheng52,j-357,396,0,0,0,0,0,0
jicheng52,j-358,1401,0,0,0,0,0,1
jicheng52,j-359,1440,0,0,0,0,0,1
jicheng52,j-36,932,0,0,0,0,0,1
jicheng52,j-360,1403,0,0,0,0,0,1
jicheng52,j-361,1370,0,0,0,0,0,1
jicheng52,j-362,1393,1,0,0,0,0,1
jicheng52,j-363,1011,0,0,0,0,0,0
jicheng52,j-364,1292,1,0,0,0,0,0
jicheng52,j-365,1035,1,0,0,0,0,1
jicheng52,j-366,654,0,0,0,0,0,1
jicheng52,j-367,1187,0,0,0,0,0,1
jicheng52,j-368,925,0,0,0,0,0,1
jicheng52,j-369,846,0,0,0,0,0,1
jicheng52,j-37,646,0,0,0,0,0,1
jicheng52,j-370,1249,0,0,0,0,0,1
jicheng52,j-371,790,1,0,0,0,0,1
jicheng52,j-372,1291,0,0,0,0,0,1
jicheng52,j-373,1231,0,0,0,0,0,1
jicheng52,j-374,1211,1,0,0,0,0,1
jicheng52,j-375,1303,0,0,0,0,0,1
jicheng52,j-376,974,0,0,0,0,0,1
jicheng52,j-377,944,0,0,0,0,0,1
jicheng52,j-378,965,0,0,0,0,0,1
jicheng52,j-379,471,1,0,0,0,0,1
jicheng52,j-38,1799,0,0,0,0,0,1
jicheng52,j-380,77,0,0,0,0,0,0
jicheng52,j-381,4,0,0,0,0,0,0
jicheng52,j-382,29,0,0,0,0,0,0
jicheng52,j-383,336,0,0,0,0,0,0
jicheng52,j-384,324,0,0,0,0,0,1
jicheng52,j-385,264,0,0,0,0,0,0
jicheng52,j-386,537,0,0,0,0,0,0
jicheng52,j-387,471,0,0,0,0,0,0
jicheng52,j-388,447,0,0,0,0,0,1
jicheng52,j-389,641,0,0,0,0,0,1
jicheng52,j-39,1915,0,0,0,0,0,1
jicheng52,j-390,583,0,0,0,0,0,1
jicheng52,j-391,336,0,0,0,0,0,0
jicheng52,j-392,574,0,0,0,0,0,1
jicheng52,j-393,720,0,0,0,0,0,1
jicheng52,j-394,589,0,0,0,0,0,1
jicheng52,j-395,442,0,0,0,0,0,1
jicheng52,j-396,875,0,0,0,0,0,1
jicheng52,j-397,977,0,0,0,0,0,0
jicheng52,j-398,928,0,0,0,0,0,1
jicheng52,j-399,588,0,0,0,0,0,0
jicheng52,j-4,25,0,0,0,0,0,0
jicheng52,j-40,1706,0,0,0,0,0,1
jicheng52,j-400,495,0,0,0,0,0,1
jicheng52,j-401,370,0,0,0,0,0,0
jicheng52,j-402,105,0,0,0,0,0,0
jicheng52,j-403,280,0,0,0,0,0,1
jicheng52,j-404,624,0,0,0,0,0,0
jicheng52,j-405,638,0,0,0,0,0,1
jicheng52,j-406,606,0,0,0,0,0,0
jicheng52,j-407,585,0,0,0,0,0,1
jicheng52,j-408,620,0,0,0,0,0,0
jicheng52,j-409,619,0,0,0,0,0,1
jicheng52,j-41,1886,0,0,0,0,0,1
jicheng52,j-410,669,0,0,0,0,0,1
jicheng52,j-411,728,1,0,0,0,0,0
jicheng52,j-412,592,0,0,0,0,0,1
jicheng52,j-413,802,0,0,0,0,0,0
jicheng52,j-414,726,0,0,0,0,0,1
jicheng52,j-415,380,0,0,0,0,0,0
jicheng52,j-416,831,0,0,0,0,0,1
jicheng52,j-417,655,0,0,0,0,0,0
jicheng52,j-418,815,0,0,0,0,0,1
jicheng52,j-419,698,0,0,0,0,0,1
jicheng52,j-42,1665,0,0,0,0,0,1
jicheng52,j-420,557,0,0,0,0,0,1
jicheng52,j-421,446,1,0,0,0,0,0
jicheng52,j-422,611,0,0,0,0,0,0
jicheng52,j-423,791,0,0,0,0,0,1
jicheng52,j-424,696,0,0,0,0,0,1
jicheng52,j-425,478,0,0,0,0,0,1
jicheng52,j-426,779,0,0,0,0,0,0
jicheng52,j-427,661,0,0,0,0,0,1
jicheng52,j-428,1439,0,0,0,0,0,1
jicheng52,j-429,819,0,0,0,0,0,1
jicheng52,j-43,1516,0,0,0,0,0,1
jicheng52,j-430,810,0,0,0,0,0,1
jicheng52,j-431,768,1,0,0,0,0,1
jicheng52,j-432,866,0,0,0,0,0,0
jicheng52,j-433,777,0,0,0,0,0,1
jicheng52,j-434,913,0,0,0,0,0,1
jicheng52,j-435,970,0,0,0,0,0,1
jicheng52,j-436,834,0,0,0,0,0,1
jicheng52,j-437,1031,0,0,0,0,0,0
jicheng52,j-438,763,0,0,0,0,0,1
jicheng52,j-439,808,0,0,0,0,0,1
jicheng52,j-44,1503,0,0,0,0,0,1
jicheng52,j-440,652,0,0,0,0,0,1
jicheng52,j-441,770,0,0,0,0,0,1
jicheng52,j-442,694,0,0,0,0,0,1
jicheng52,j-443,643,0,0,0,0,0,0
jicheng52,j-444,802,0,0,0,0,0,0
jicheng52,j-445,788,0,0,0,0,0,1
jicheng52,j-446,557,0,0,0,0,0,1
jicheng52,j-447,698,0,0,0,0,0,1
jicheng52,j-448,737,0,0,0,0,0,1
jicheng52,j-449,875,0,0,0,0,0,1
jicheng52,j-45,1735,0,0,0,0,0,0
jicheng52,j-450,715,0,0,0,0,0,1
jicheng52,j-451,374,0,0,0,0,0,1
jicheng52,j-452,946,1,0,0,0,0,1
jicheng52,j-453,886,0,0,0,0,0,0
jicheng52,j-454,799,0,0,0,0,0,1
jicheng52,j-455,816,0,0,0,0,0,1
jicheng52,j-456,202,0,0,0,0,0,0
jicheng52,j-457,244,0,0,0,0,0,1
jicheng52,j-458,271,0,0,0,0,0,0
jicheng52,j-459,232,0,0,0,0,0,0
jicheng52,j-46,971,0,0,0,0,0,0
jicheng52,j-460,296,0,0,0,0,0,1
jicheng52,j-461,684,0,0,0,0,0,0
jicheng52,j-462,757,0,0,0,0,0,0
jicheng52,j-463,782,0,0,0,0,0,1
jicheng52,j-464,512,0,0,0,0,0,1
jicheng52,j-465,483,0,0,0,0,0,1
jicheng52,j-466,709,0,0,0,0,0,1
jicheng52,j-467,1171,0,0,0,0,0,1
jicheng52,j-468,967,0,0,0,0,0,1
jicheng52,j-469,871,1,0,0,0,0,1
jicheng52,j-47,1485,0,0,0,0,0,0
jicheng52,j-470,552,0,0,0,0,0,1
jicheng52,j-471,668,0,0,0,0,0,1
jicheng52,j-472,689,0,0,0,0,0,0
jicheng52,j-473,928,1,0,0,0,0,1
jicheng52,j-474,903,0,0,0,0,0,1
jicheng52,j-475,617,0,0,0,0,0,0
jicheng52,j-476,734,0,0,0,0,0,0
jicheng52,j-477,638,0,0,0,0,0,1
jicheng52,j-478,580,0,0,0,0,0,1
jicheng52,j-479,347,0,0,0,0,0,0
jicheng52,j-48,1850,0,0,0,0,0,0
jicheng52,j-480,425,0,0,0,0,0,0
jicheng52,j-481,521,0,0,0,0,0,1
jicheng52,j-482,415,0,0,0,0,0,0
jicheng52,j-483,732,0,0,0,0,0,1
jicheng52,j-484,465,0,0,0,0,0,0
jicheng52,j-485,994,0,0,0,0,0,0
jicheng52,j-486,570,0,0,0,0,0,1
jicheng52,j-487,611,0,0,0,0,0,0
jicheng52,j-488,660,0,0,0,0,0,1
jicheng52,j-489,561,0,0,0,0,0,1
jicheng52,j-49,1709,0,0,0,0,0,1
jicheng52,j-490,350,0,0,0,0,0,1
jicheng52,j-491,493,0,0,0,0,0,1
jicheng52,j-492,850,0,0,0,0,0,1
jicheng52,j-493,1284,0,0,0,0,0,1
jicheng52,j-494,1127,0,0,0,0,0,1
jicheng52,j-495,628,1,0,0,0,0,0
jicheng52,j-496,577,1,0,0,0,0,1
jicheng52,j-497,796,0,0,0,0,0,1
jicheng52,j-498,682,1,0,0,0,0,1
jicheng52,j-499,614,0,0,0,0,0,0
jicheng52,j-5,4,0,0,0,0,0,0
jicheng52,j-50,1020,0,0,0,0,0,1
jicheng52,j-500,689,0,0,0,0,0,1
jicheng52,j-501,582,0,0,0,0,0,0
jicheng52,j-502,495,1,0,0,0,0,1
jicheng52,j-503,857,0,0,0,0,0,1
jicheng52,j-504,1215,1,0,0,0,0,1
jicheng52,j-505,1253,0,0,0,0,0,1
jicheng52,j-506,822,0,0,0,0,0,1
jicheng52,j-507,605,0,0,0,0,0,1
jicheng52,j-508,530,0,0,0,0,0,1
jicheng52,j-509,655,0,0,0,0,0,0
jicheng52,j-51,1281,1,0,0,0,0,0
jicheng52,j-510,694,0,0,0,0,0,1
jicheng52,j-511,631,0,0,0,0,0,1
jicheng52,j-512,686,0,0,0,0,0,1
jicheng52,j-513,682,0,0,0,0,0,1
jicheng52,j-514,914,0,0,0,0,0,1
jicheng52,j-515,582,0,0,0,0,0,1
jicheng52,j-516,545,0,0,0,0,0,1
jicheng52,j-517,586,0,0,0,0,0,0
jicheng52,j-518,709,0,0,0,0,0,1
jicheng52,j-519,523,0,0,0,0,0,1
jicheng52,j-52,1567,1,0,0,0,0,0
jicheng52,j-520,583,0,0,0,0,0,0
jicheng52,j-521,488,0,0,0,0,0,1
jicheng52,j-522,452,0,0,0,0,0,0
jicheng52,j-523,767,0,0,0,0,0,1
jicheng52,j-524,416,0,0,0,0,0,1
jicheng52,j-525,440,0,0,0,0,0,0
jicheng52,j-526,434,0,0,0,0,0,1
jicheng52,j-527,592,0,0,0,0,0,1
jicheng52,j-528,757,0,0,0,0,0,1
jicheng52,j-529,792,0,0,0,0,0,0
jicheng52,j-53,1781,0,0,0,0,0,1
jicheng52,j-530,859,0,0,0,0,0,1
jicheng52,j-531,778,0,0,0,0,0,1
jicheng52,j-532,673,1,0,0,0,0,1
jicheng52,j-533,725,0,0,0,0,0,1
jicheng52,j-534,630,0,0,0,0,0,1
jicheng52,j-535,895,1,0,0,0,0,0
jicheng52,j-536,801,0,0,0,0,0,0
jicheng52,j-537,713,0,0,0,0,0,1
jicheng52,j-538,647,0,0,0,0,0,0
jicheng52,j-539,615,0,0,0,0,0,1
jicheng52,j-54,1223,0,0,0,0,0,0
jicheng52,j-540,636,0,0,0,0,0,1
jicheng52,j-541,856,0,0,0,0,0,0
jicheng52,j-542,854,0,0,0,0,0,0
jicheng52,j-543,920,0,0,0,0,0,0
jicheng52,j-544,943,1,0,0,0,0,0
jicheng52,j-545,739,0,0,0,0,0,0
jicheng52,j-546,936,0,0,0,0,0,1
jicheng52,j-547,0,0,0,0,0,0,0
jicheng52,j-548,396,0,0,0,0,0,1
jicheng52,j-549,630,0,0,0,0,0,1
jicheng52,j-55,1494,0,0,0,0,0,1
jicheng52,j-550,651,0,0,0,0,0,0
jicheng52,j-551,347,0,0,0,0,0,1
jicheng52,j-552,434,0,0,0,0,0,0
jicheng52,j-553,811,0,0,0,0,0,0
jicheng52,j-554,662,1,0,0,0,0,1
jicheng52,j-555,939,0,0,0,0,0,1
jicheng52,j-556,835,0,0,0,0,0,1
jicheng52,j-557,802,0,0,0,0,0,0
jicheng52,j-558,587,0,0,0,0,0,1
jicheng52,j-559,471,0,0,0,0,0,1
jicheng52,j-56,1284,0,0,0,0,0,0
jicheng52,j-560,883,1,0,0,0,0,0
jicheng52,j-561,725,0,0,0,0,0,0
jicheng52,j-562,630,0,0,0,0,0,1
jicheng52,j-563,911,0,0,0,0,0,1
jicheng52,j-564,304,0,0,0,0,0,0
jicheng52,j-565,129,0,0,0,0,0,0
jicheng52,j-566,737,0,0,0,0,0,0
jicheng52,j-57,623,0,0,0,0,0,1
jicheng52,j-58,1122,0,0,0,0,0,1
jicheng52,j-59,1162,0,0,0,0,0,1
jicheng52,j-6,23,0,0,0,0,0,0
jicheng52,j-60,1112,0,0,0,0,0,0
jicheng52,j-61,1023,0,0,0,0,0,0
jicheng52,j-62,899,0,0,0,0,0,0
jicheng52,j-63,965,0,0,0,0,0,0
jicheng52,j-64,956,0,0,0,0,0,0
jicheng52,j-65,946,1,0,0,0,0,1
jicheng52,j-66,499,0,0,0,0,0,0
jicheng52,j-67,1124,0,0,0,0,0,1
jicheng52,j-68,736,0,0,0,0,0,1
jicheng52,j-69,1833,0,0,0,0,0,1
jicheng52,j-7,816,0,0,0,0,0,1
jicheng52,j-70,1085,0,0,0,0,0,0
jicheng52,j-71,1128,0,0,0,0,0,0
jicheng52,j-72,546,0,0,0,0,0,1
jicheng52,j-73,635,0,0,0,0,0,1
jicheng52,j-74,1038,0,0,0,0,0,0
jicheng52,j-75,1083,0,0,0,0,0,0
jicheng52,j-76,1580,0,0,0,0,0,0
jicheng52,j-77,998,0,0,0,0,0,0
jicheng52,j-78,1105,0,0,0,0,0,1
jicheng52,j-79,997,0,0,0,0,0,1
jicheng52,j-8,492,0,0,0,0,0,1
jicheng52,j-80,620,0,0,0,0,0,0
jicheng52,j-81,1025,0,0,0,0,0,0
jicheng52,j-82,1314,1,0,0,0,0,0
jicheng52,j-83,955,0,0,0,0,0,1
jicheng52,j-84,887,0,0,0,0,0,0
jicheng52,j-85,1243,0,0,0,0,0,0
jicheng52,j-86,1316,0,0,0,0,0,0
jicheng52,j-87,1350,0,0,0,0,0,0
jicheng52,j-88,866,0,0,0,0,0,0
jicheng52,j-89,1132,0,0,0,0,0,0
jicheng52,j-9,898,0,0,0,0,0,1
jicheng52,j-90,1750,0,0,0,0,0,1
jicheng52,j-91,1496,0,0,0,0,0,0
jicheng52,j-92,757,0,0,0,0,0,1
jicheng52,j-93,435,0,0,0,0,0,0
jicheng52,j-94,312,0,0,0,0,0,0
jicheng52,j-95,653,0,0,0,0,0,1
jicheng52,j-96,960,0,0,0,0,0,0
jicheng52,j-97,713,0,0,0,0,0,1
jicheng52,j-98,659,0,0,0,0,0,0
jicheng52,j-99,728,0,0,0,0,0,1
