book,page,keyword,ctx_before,ctx_after
xianzhi,p-0032,联保,";红第三十一军、九军也分别在石锣锅、润溪口强渡嘉腔江成功。5月30日“红四方面军全部撒离苍溪。6月“划全县为5区、36个","办事处、203个保。9月县政府抽调民工1万人到今广元中子铺参加修筑川陕公路,投工约26万个,耗粮2000余石。民国25年〔(1936)从春至秋干旱180多天。翌年仍久旱不两,大面积粮食歉收,饥民吃草根树皮、神仙面(白泥),甚至人自相食,饿招载道。-5月19日“五峰乡青盐沟农民入股建立第一个信用合作社.坦年,全县建信用社16个。秋苍溪人黄聚五组织饥民团赳省政府请愿。经苍溪人陈维新〔前河南省开封市市长,住成都)说服省主席刘湖,豁免了苍溪当年赋税。10月苍溪始有两区、7乡通电话。是年县政府收音室成立。|成立县民众教育馆,内设图书室、阅览室。民国26年(1937)“1月27日“苍溪县测候所成立,业务由农林技士兼办。8月成都慈幼协会陈铁生来苍救灾,成立“苍溪县灾童收容所“,28年春解散。10月“苍溪至广元沿线发生牛瘦,死牛2.5万多头。川北防疫督导团派员来苍溪县E扑灭牛瘦。11月20日“中共中央派中"
xianzhi,p-0037,废除旧乡保,"日县人民法庭成立。县军队复员委员会成立,开始接收安置第一批复员军人。11月24日“全县清匪反霸、喜租退押工作开始.同时,","、甲制度,建立乡、村人民政权。12月6日_县人民政府在县城召开禁烟禁毒大会,宣布县禁烟禁毒委员会成立。当众烧毁鸦片烟具三大筐、鸦片烟86两5钱2分,公审烟毒犯黄玉书等3人。之后各区、乡成立戒烟所,至1951年底,县内大部分烟民到戒烟所登记并戒绝,一批烟毒犯受到打击,销毁鸦片1064两,并收缴大批炯具和毒资(银圆)10911元。12月25日县城举行抗美援朝、保家卫国群众示威大游行。其后,广大青年踊跃报名参军赴朝作战。19851年1月25日“县城举行保卫世界和平,反对美帝侵略朝鲜的示威游行,有3000多名各界人士参加。1月下旬破获敌特组织“西南长官部巴山中美技术合作所“,速捕并处理骨干分子59人,登记自新830余人。1月“增设第八区。是时,全县共8区、58乡、524村。3月11日“国民党台湾当局飞机一架飞入县境上空,投下9种传单,共7000余份。3月15日苍(溪〉阅(中》公路开工兴建,10月1"
xianzhi,p-0038,训练,"大事记“23。20千伏安发电机的火电厂投产发电。是年中共苍溪县委举办第一期党建","班,至年底全县发展党员240人。1952年1月6日“三反“(反贪污、反浪费、反官像主义)运动在全县展开,至6月中旬结束,县、区千部中清出贪污分子425人,查出赃款和赃物折款共3.14亿元(旧版人民币)。2月20日“苍漫县首次劳动模范代表大会在县城召开。2月29日县人民政府发布《关于使用人民币,禁止银圆、铜圆、镧币流通的布告》。春“苍溪县回龙场、土垭一带划入闻中县。阅中县白庙乡和新观乡祖家沟的阅中窝以及龙王乡的阅中坝,南江县的白山、黄猫、回龙三乡划入苍溪县。6月,昭化县的鹄溟、亭子、白桥、新龙四乡划入苍溪县。4月17日“在全县工商业、小商贩、小手工业者中开展“五反(反行贿、偷税漏税、盗钧国家资财、偷工准料、盗窃国家经济情报),至4月底基本结束。4月“县工会成立,1953年9月停止活动,1956年8月恢复,1964年1月29日改为县总工会。4月苍溪县第一个互助组一一严文贵互助组在城郊乡建立。是"
xianzhi,p-0069,训练,"路畅通。在文教卫生上,区、乡办列宁小学,7岁以上儿童免费入学,村办工余学校、识字班,组织成年人读书识字,县办各类成人教育","班,培养各类专门人才;在红军的帮助下,向广大群众宣传卫生知识,在岳东、元坝、文昌、白庙、烟峰等地建医院(医务所),防病治病…...苏区的建立,使千百年在饥寒交迫中受熬煎的苍溪人民在政治上翻身作了主人,在打土豪分田地中得到经济利益,从而进发出极大革命、生产积极性。在加紧生产的同时,有3万多儿女踊跃参加红军。在1934年川陕省第三次工农兵代表大会上,苍漫被评为模范县。由于张国烯在苏区推行左倾路线,在土地革命中搞“地主不分田,富农分坏田“,在社会肃反中不区分敌我、首恶和协从的界线,在内部肃反中搞扩大化、伤害了许多好人等,为苏区革命和建设造成一定损失。但苍滦人民对革命的忠诚和无私奉献,在中国革命史上留下了光辉的一页。查禁鸦片烟清道光年间,鸦片烟流入苍溪。民国初年苍漫设禁炯查缉局。由于国事纷争,有令不行。民国12年(1923)至22年,军闻田颂尧部驻苍溪,强令百姓普种普吸鸦片烟,全县吸食者占成年人数"
xianzhi,p-0070,训练,"自新,从严教育,主犯、惯犯分别给予判刑、管制处理。点毒被肃清。“新生活“运动民国25年(1936),省政府派别动队来苍溪","保甲人员,开展“新生活“运动。在机关、法团、学校广泛宣传“四维(礼、义、廉、耻)“》、“八德(忠、孝、仁、爱、信、义、和、平)“;要求“衣、食、住、行“达到“整齐、清洁、简单、朴素“人字准则。公务人员力求“明礼义,知廉耻,守纪律,负责任“。把“礼义廉耻“称之为“国之四维“,作为“训政根本“。民国31年县新生活动员委员会成立,县长罗映江兼任主任,国民党县党部书记、县政府社会科科长、民政科科长和商会、教育会理事长、警察局长为委员,下设总务、调查、设计、推行4股,开展新生活宣传,制发新生活徽章,指导机关、法团、学校新生活运动开展。定每年3月为新生活活动月。此项运动在机关、法团,特别是中小学开展了一段时间,但成效甚微。农村未推行。抗日救亡活动民国26年(1937)“七.七“事变后,全国各地抗日怒潮风起云涌。在国共合作,停止内战,一致抗日的形势下,于28年春,苍溪县抗敌后援会宣告成立,县长曾锦柏兼任"
xianzhi,p-0071,联保,"买驱逐机一架,支援抗日。推行地方自治|民国29年(19410),县奉令实行新县制,推行地方自治。县长曾锦柏出巡两区、15","、22场镇,通过实地考察,将全县30联保依就历史沿革、地理形势划为城厢(镇)、东青、玉树、五峰、伏回、五龙、三川、龙王、元中、歧白、东石、岳漓、高黄、文运、龙彭15乡镇。甄选、训练乡镇长。乡镇公所、中心学校、自卫队部合处办公,实行“三位一体“。乡镇公所所属各股(民政、经济、警卫、文化)主任“尽量任用兼职人员、以杜过去党政磨擦,政教分立,军政、教建各异之弊,完成真正“管、教、养、卫“之政治思想。“事后,将此写成《苍溪县乡镇政务改进意见书》报省审核。这种所谓“地方自治“,不仅对百姓无益,反而助长了地方豪强势力的壮大。他们明争暗斗,互相倾轧,使贫苦百姓更陷于水深火热之中。,清除“异党“活动民国28年(1939)6月,阅中绥靖公署主任潘清州来苍溪召开党政军联席会议,了解有关中共苍溪地下党组织活动情况,部唯侦察、防范、逮捕中共地下党员行动计划。30年1月21日,县长曾锦柏、国民党县党部书记长余光玫指"
xianzhi,p-0071,训练,"理形势划为城厢(镇)、东青、玉树、五峰、伏回、五龙、三川、龙王、元中、歧白、东石、岳漓、高黄、文运、龙彭15乡镇。甄选、","乡镇长。乡镇公所、中心学校、自卫队部合处办公,实行“三位一体“。乡镇公所所属各股(民政、经济、警卫、文化)主任“尽量任用兼职人员、以杜过去党政磨擦,政教分立,军政、教建各异之弊,完成真正“管、教、养、卫“之政治思想。“事后,将此写成《苍溪县乡镇政务改进意见书》报省审核。这种所谓“地方自治“,不仅对百姓无益,反而助长了地方豪强势力的壮大。他们明争暗斗,互相倾轧,使贫苦百姓更陷于水深火热之中。,清除“异党“活动民国28年(1939)6月,阅中绥靖公署主任潘清州来苍溪召开党政军联席会议,了解有关中共苍溪地下党组织活动情况,部唯侦察、防范、逮捕中共地下党员行动计划。30年1月21日,县长曾锦柏、国民党县党部书记长余光玫指挥速捕中共地下党员潘实之、杨伯刚和党外进步人士蔡达源等。7月,将潘实之、杨伯刚等送往青城山集中营。32年(1943),设立四川省特别委员会苍溪分会(简称特委分会),至37年特委分会"
xianzhi,p-0072,训练,"军需。一区大队长陶子征,二区大队长赵琏,三区大队长刘汉卿。乡中队长乡长兼任,保分队长保长兼任。同时下发枪支,开展“自卫“","。山垭隘口站岗放哨。各中队应支薪米由大队部核发。次年苍溪解放时,此组织惶于解放军的威刀,不攻自散。“二五“减租民国38年(1949)8月,省政府发布告各县市民众书:“农地减租是永久性的。从本年起,所有民众土地租佃一律按照租佃约租额或习惯实收租额减四分之一,以后年年如此,不得增加.“苍溪农村正当议论推行减租事宜时,县政府于是年10月4日发出训令:“案奉四川省训令,“关于本省原订37、38两年分别实施二五减租,应即停办「,本府所有颁订《四川省二五减租实施办法》及《二五减租推行须知》等各项规章同时孙以废止.“省政府此举意在缓和阶级矛盾,维护其统治,但亦自党办法拙劣,不得不自行废除。"
xianzhi,p-0076,543,"工作。各分团下设工作队,共58个工作队,其中有城郊、东青、五龙、三川、白庙、东溪、龙山、元坝八乡为基点乡。村设工作组,共","个工作组,其中有205个基点组。总部、分部设巡视组,队设巡视员,巡回检查工作进展情况。土改工作自11月7日开始,至次年4月15日结束。历时5个多月。遨照“依靠贫雄农,团结中农,中立富农,打击消灭地主阶级“的土改工作路线,整个工作分五步进行:第一步(11月11日一12月5日)宣传政策,访贫问苦,培养骨干,整顿农民协会、乡村政权、自卫武装组织;第二步(12月6日一12月20日)掌握生产资料占有情况,划分阶级成分。全县划出地主3292户、富农1913户、半地主式富农778户、小土地出租者1043户、小土地经营者534户、地主兼工商业754户、工商业兼地主22户、工商业者170户、中农25016户、贫农34896户、鹿农2892户、小手工业160户、小商贩649户、其他116户。第三步(12月21日一1952年1月10日)惩处违法结合镇压反革命。全县违法地主981户,赔偿违法款108亿元,对民愤极"
xianzhi,p-0078,训练,"业生产互助合作的决议》(草案),批判农村资本主义自发势力的危害性及小农经济骏点.3月县委开办有400余人参加的互助组骨干","班.年底常年性互助组增到910个,季节性5934个,并增办民力、群力两个初级农业生产合作社。1954年3月县委开办互助组长与建党训练班,结合建立农村党组织,总结互助合作优越性,认识“单干不如互助组,互助组不如合作社“的道理,是年办起39个初级农业生产合作社;有常年性互助组2214个、季节性5710个。1955年8月贤彻毛泽东《关于农业合作化问题》的指示,批判合作化运动中“小脚女人走路,东播西摆…...“状态。10月党的七届六中全会(扩大)后,全县广泛宣传贯彻六中全会通过的《关于农业合作化问题的央议)。苍溪合作化运动风起云涌。1956年云峰乡张家坪建起第一个社会主义性质的高级农业生产合作社(简称“高级农业社“),取消土地分红。随即全县首批建起11个高级农业社;初级农业社发展到1048个。入社农户3.28户,占全县总农户的60.39%。1956年农业社发展到1422个,其中高级社114个。19"
xianzhi,p-0081,训练,"干问题的决定(草案7》(即《前十条》,抽调87人先后在城郊、回水公社搞社会主义教育运动(简称“社教“)试点。10月抽调并","社教工作队队员800多人组成工作团、队,10月8日分赴东青、城郊两个区、12个公社、125个大队、815个生产队开展社教,即开展以“清理帐目、清理仓库、清理财务、清理工分“为主要内容的“小四清“。运动中“重新组织以贫下中农为主体的革命阶级队伍“,依靠基层组织和基层干部,发动群众,“打退农村资本主义势力和封建势力的进攻。“1963年11月贯彻中共中央《关于农村社会主义教育运动中一些具体政策的规定(修正草案》(即《后十条》),重点以“清政治、清组织、清经济、清思想“为主要内容的“大四清“,改变了原来依靠基层组织和基层干部的政策,把放手发动群众放在第一位、首先解决干部中的问题;运动转为由工作团、队领导,使不"
xianzhi,p-0100,联保,"乡苏维埃,46个村苏维埃。民国24年(1935)夏,废除军闻防区制,实现川政统一。县以下设区分保,全县划为5个区,36个",",203保.25年夏,改5个区为3个区,改36个联保为东北、西南、"
xianzhi,p-0101,联保,"岳东、双龙、运河、文昌、彭石、白庙9乡。乡以下共设203保、2122甲。民国28年8月《四川省保甲概况》:,“苍溪区3,","(乡)30,保208,甲3045“。29年将30乡并为城暗、东青、玉树、五峰、伏回、三川、五龙、龙王、元中、歧白、东石、岳滑、高黄、文运、龙彭15乡,辖288保,、3153甲。34年,为集中权力,撒销区,改设指导员.将城厢乡改为城厢镇。36年,国民政府为缓和政局,增划乡保。恢复三个区,全县划为20乡镇。三川、歧白两乡分为三川,石喷、歧坪、白庙四乡,五龙分为永宁、.浙水二乡,岳滑分为岳东、滑土二乡,龙彭分为双龙、彭石二乡。保、甲仍旧。1950年1月18日苍溪县人民政府成立,仍为1镇、19乡、289保(包括街保)。2月1日改为10个区:即一区(烟峰楼)、二区(东岳庙)、三区(五龙)、四区(三川)、五区(歧坪)、六区(龙王)、七区(岳东)、八区(东溪)、九区(文昌)、十区(龙山3;4月并为7个区:即一区(城厢)、二区(东青)、三区(五龙)、四区(三川)、五区(歧坪》、六区(东溪)、七区(龙山)。"
xianzhi,p-0102,联保,"明、清为桂花乡。清末至民国22年(1933)隶属城区,1934年红四方面军在金垭子建乡苏维捉。民国24年6月分属东北乡(",")、西南乡(联保),尔后属城厢镇。1951年建"
xianzhi,p-0103,联保,"(五里子)与老场(北斗山西麒》相距五里,故名。1934年10月红四方面军在五里场建立乡苏维埃。1935年5月后属五里乡(","〉当时五里场西半街及任家沟为阅中县属地。1951年建政时将属阆中的部分地域划入芯溪,同时将五峰乡的插花、三清、蚕丝三村和城厢镇的八字、古梁两村划出,成立五里乡。1958年改为五里人民公社。1984年复名五里乡,全乡面积31.13平方公里,辖紫练、柏树、皇观、石家坝、紫云、张王、插花、粉壁垭、云台、九井、文笔11村。云峰乡“位于县治东11公里处。驻地今云峰场。康熙《苍溪县志}:“河东大路,松雍肃公虞允文治蜀,遇急紧军情星举火,夜燕灯以相通“。本名烟峰。后又其地有高入云端的山峰,改名云峰。1934年红四方面军在炯峰楼、韩家坪分别建立区、乡苏维埃。解放前夕属五峰乡。1951年成立云峰乡。1958年改为云峰人民公社。1984年复名云峰乡。全乡面积38.49平方公里,辖界牌、民合、韩家坪、陈石、北门、紫阳、东柏、虎背、鼓铜、狮岭、华盖、青盐、桅杆13村。六槐乡位于县治东北14公里处,驻地今槐树驿。因"
xianzhi,p-0104,联保,"岩3。后因嘉陵江水过此回旋,改称回水坝,故名。1934年10月红四方面军在回水场建立乡苏维埃。1935年5月后属回水乡(",")。1951年成立回水乡。1958年改为回水人民公社。1984年复名回水乡。全乡面积21.76平方公野,辖红旗桥、太峰、陈家沟、回水、扑船、沙溪、李花沟、钟家浩8村。庙垭乡位于县治地西北11公里处。驻地今庙子垭,因有明代古刹,故名,清宣统二年起先后为城区、一区所辖,民国26年起城厢乡、城厢镇辖。解放初分属回水、镇水、东青乡,1952年后属望水乡。1961年成立庙垭人民公社.1984年改名庙垭乡。全乡面积36.4平方公里,辖拱桥、群峰、许寺、龙溟、东联、石院、群岭、陵江、木林、、望水10乡。东青区东青区位于嘉陵江西岸、县治地西南14公里处.因区驻地东青场故名,唐青山镇辖,宋、元、明至清道光年间属桂花乡,光绪元年(1875)属南路总保,宣统二年(1910)至民国24年属东岳乡。1935年红四方面军渡过嘉陵江后建立东岳、马桑两个区苏维埃。民国24年5月后属一区。1950年为第二区。1955年改名"
xianzhi,p-0105,联保,"“90,苍溟县志怜乡(",")。1951年成立八庙乡,1958年改为八庙人民公社。19841年复名八庙乡,全乡面积38.68平方公里,辖玉树、和平、王容口、瑚琏、青春、余家沟、举台、涧溪、唐家坪、方斗、新岭、龙岭、七树13村。禅林乡位于县治西南2公里处,驻地今禅林场,因有宋代佛教禅宗派系的大寺院禅林寺,故名。宋、元、明、清属桐花乡,清未属南路总保、东岳乡。1935年4月红四′方面军分别在单子坝、青山观建立乡苏维埃。同年5月以后,属东青乡(联保)。1951年成立禅林乡。1958年改为禅林人民公社。1984年复名禅林乡,全乡面积36.2平方公里,辖卧云、大碧、洛水、松林、铃旗、青山观、武陵、潜力、鹤鸣、红阳、明阳、苍城12村。白桥乡“位于县治西北28公里处,驻地白桥坝。因龙门沟阻隔行人,民国9年(1920)百户人家集资修一桥,名百桥,后易“百“为“白“,故名。清代和民国时期属昭化县。1935年4月红四方面军在白桥坝、石城"
xianzhi,p-0106,联保,"今五龙场,以其地五山形若奔龙,故名。1933年8月红四方面军在五龙场和龙隐寺分别建立乡苏维埃。民国24年5月后为五龙乡(",").1951年成立五龙乡.1958年改为五龙人民公社。1984年复名五龙乡,全乡面积64.14平方公里,辖五里、石板、新梁、九燕、玉顶、灯照、龙隐、平安、青几、印盒、天池、大树、三会、双树、马虹15村。白鹤乡“位于县治北19公里处,驻地今白鹤铺,因地处古驿道白鹤铺,故名。1933年9月红四方面军在新店子建立乡苏维埃。民国24年5月后分属五龙、伏公两乡(联保).1951年成立白鹤乡。1958年改为白鹤人民公社.1984年复名白鹤乡,全乡面积33.41平方公里,辖白鹄、工农、柳池、杨河、柏萍、上游、白马、新店、星火、喻李、五显11村。“茶店乡“位于县治北17公里处,驻地今白垭场,因清代有白姓人家在山垭开茶店,故名,1934年10月,红四方面军在白家垭建立乡苏维埃。民国24年5月后分属伏公乡、浙水乡(联保)。1951年成立白垭乡。1955年废,分属浙水、伏公,回水三乡辖。1962年恢复原乡规模成"
xianzhi,p-0107,联保,",传为“龙王居所“,并建有龙王庙,故名。1933年9月,红四方面军在桥沟、柳树湾建立乡苏维埃。民国24年5月后为龙王乡(",")。1951年建政成立龙王乡。1958年改为龙王人民公社。1984年复名龙王乡。全乡面积46.64平方公里,辖田家坝、九龙、三房沟、市场、健康、箭口、凉溪、伍家垭、钟山、洛阳、陡嘴、清水、大房沟13村和1居民委员会。两河乡位于县治北49公里处,驻地今两河口、因地处园滩河。石板河交汇处,故名。解放前分属三川、龙王两乡。1951年成立两河乡,1955年废。1962年恢复为两河人民公社。1984年复名两河乡,全乡面积37.49平方公里。辖两河、建新、友谊、歇台、永“胜。五台六村。三川乡“位于县治北41公里处,驻地今三川寺。因地处柏溪河、箭口河、史家河交汇处,故名。1933年9月红四方面军在三川寺建区苏维埃,在龙泉湾、并湾和刘家岩建乡苏维埃。民国24年5月后为三川乡(联保)。1951年建政成立三川乡。1958年改为三川人民公社。1984年复名三川乡。全乡面积33.01平方公里,辖川河、龙泉、景光、"
xianzhi,p-0108,联保,"庙,后毁,清道光年间新修观音庙并兴场,故名。1933年9月红四方面军在马家湾建立区、乡苏维埃。民国24年5月后建新观乡(","。1951年成立新观乡。1958年改为新观人民公社。1984年复名新观乡。全乡面积51.6平方公里,辖向阳、轿顶、荀英、山花、五柏、天宝、星桥、玲珑、伏龙、梓潼10村。雍河乡位于县治地北67公里处,驻地今马桑坝。明末,一雍姓人在此开店经商,后兴市成场,称为雍家河,故名。1933年9月红四方面军在白云庵、徐家坪建立乡苏维埃。民国24年5月后建雍河乡(联保)。1951年成立雍河乡。1958年为雍河人民公社。1984年复名雍河乡,全乡面积45.74平方公里,辖高家岩、松光、二郎、花坪、桃园、甘家沟、白云、石牛、乐园9村。岐坪区歧坪区位于县治东北45公里处。因区驻地蚩坪场故名,其地上古为平州国属地。宋、元、明土清道光年间先后属歧坪镐、全信乡。清光绪元年属东路总保。宣统二年至民国22年分属王渡镇、元坝镇。1933年6月,红四方面军在白庙建立区苏维埃(隶长池县)。民国24年5月后属二区。34年区废,3"
xianzhi,p-0109,联保,"年后分别属全信乡、东路总保,宣统二年起属岳滑乡。1933年6月红四方面军在青狮子建立乡苏维埃.民国24年5月后属岳东乡(",")。1951年成立文林乡。1958年改为文林人民公社。1984年复名文林乡。全乡面积23.97平方公里,辖文坪、神马、新华、两利、太阳、合力、天山、文水、双柏、′勇士10村。′烟峰乡“位于县治东北64公里处,驻地今傅家暨。因一山高峰挺拔,烟云绍绕,称烟峰山,故名。清道光二十年后分别属全信乡、东路总保、宥统二年起属王渡镇。1933年6月红四方面军在烟峰山、琳琅山建立乡苏维埃。民国24年5月后先属白庙乡(联保)后属歧白乡。1951年成立烟峰乡。1958年改为烟峰人民公社。1984年复名烟峰乡。_全乡面积26.75平方公里,辖青岗、通木、紫荆、土堡、亮垭、琳山、宝盐、洪山、凉水、大碑10村。白驿乡“位于县治东北55公里处,驻地今白庙场,因其地古为白马驿,南梁时在此建白马县,西魏恭帝二年置白马郡,故名。1933年6月红四方面军在白庙场、池口垭建区、乡苏维埃。民国24年5月以后先属白庙乡(联保),后"
xianzhi,p-0111,联保,"1070米的高坡上,清代称高坡子,故名。1933年10月红四方面军在高坡场建立乡苏维埃。民国24年5月后属四区、口黄乡(",")。1951年成立高坡乡。1958年改为高坡人民公社。1984年复名口坡乡。全乡面积41.36平方公里,辖双凤、童家、柏木、严家、松岷、黄荆、土寨、清庙、红岩、苍湾、大坝、竹林、梨树13村。龙洞乡位于县治东北105公里处,驻地今回龙场。因其地有龙洞湾,故名。1933年10月红四方面军在茅坪、柳溪建立乡苏维埃。民国24年5月后属四区、高黄乡(联保2。1951年成立回龙乡,1955年废。1962年从高坡、黄猫乡划出部分大队成立回龙人民公社。1981年更名龙洞公社。1984年改名龙洞乡。全乡面积40.97平方公里,辖回龙、棋盘、大元、远景、茅坪、后河、柳溪、柳河、普济9村。石灶乡“位于县治东北77公里处,驻地今石灶场.因其地有巨石,其形若灶,故名。清宣统二年起东溪乡辖。1933年10月红四方面军在团包梁建立乡苏维埃。民国24年5月后先后属四区、石桥联保、东石乡。1951年成立石灶乡。1958年改"
xianzhi,p-0112,联保,"年起属王渡镇.1933年9月红四方面军在三堆石建立乡苏维埃.次年10月在观音寺建立乡苏维埃。民国24年分属王渡、元坝乡(","),后为中土乡,34年属元中乡。1951年成立中土乡。1958年改为中土人民公社。1984年复名中土乡。全乡面积33.51平方公里,辖裕华、元宝、大坪、桥溪、板庙、罐山、麻溪浩、人和、白溪、五马、三岔沟、裕兴12村。王渡乡位于县治东20公里处,驻地今王渡场.图清代一王姓秀才赴考,经此逼洪水所阻,船夫冒险摆渡过江,后高中,施钱财改为义渡,名王渡,故名。明洪武十四年大获乡辖.清宣统二年属王渡镇辖.1934年10月红四方面军在铜鼓山建立乡苏维埃.民国34年分属五峰乡、元中乡。1951年成立王渡乡。1958年改为王渡人民公社。1984年复名王渡乡。全乡面积23.87平方公里,辖大获、响水、木梁、金石、铜数、会民、赤土垭、逛花、马石、桂花10村。|金璧乡位于县治东北37公里处,驻地今杨家域塔。因境有金壁山,故名。清宣统二年分属王渡、元坝镇。1934年属一乡苏维埃.民国24年5月后属元坝乡(联保)。1"
xianzhi,p-0113,联保,"此唤受惊之马,故名。清宣统二年分属元坝镇、三川乡辖。1934年10月分属玉台山、石门韩家河苏维埃。民国24年起属唤马乡(","),。1951年成立唤马乡。1958年改为唤马人民公社。1984年复名晦马乡。全乡面积35.8平方公里,辖鱼塌、石顶、龙台、黑山、龙口、云龙、彭城、大林、瓦店、红金、庙梁、金刚12村。石门乡“位于县治地东北32公里处,驻地今石门场。因江中巨石横卧,船行受阻,如门关闭,故名。清宣统二年分属三川乡、元坝镇。1934年10月红四方面军在七星庙、韩家河建立乡苏维埃。民国24年属五区,34年属三川乡,37年属石唤乡。1951年成立石门乡。1958年改为石门人民公社。1984年复名石门乡。全乡面积32.91平方公里,辖龙水、七星、三林、中梁、铧山、插江、寨包、金城、碑沱、珠江、银城、金鹰、文家角13村。.龙山区龙山区位于县治东北95公里处,因区驻地龙山场故名。宋、元、明至清道光年间,分属龙山镇、帝简镇。清光绪元年北路总保辖。宣统二年至民国22年属龙山乡。1933年6月红四方面军在龙山场建立区苏维埃,民"
xianzhi,p-0114,联保,",故名。清宣统二年起龙山乡辖。1933年6月红四方面军在荷林垭、文庙垭建立乡苏维埃。民国24年6月至38年先后属龙彭乡(",")、双龙乡,部分属文运乡。1951年成立柏杨乡。1955年茨林乡并入仍为柏杨乡。1958年改为柏杨人民公社。1981年复名柏杨乡。全乡面积27.84平方公里,辖美福、柏杨、凉桥、金虎、宝宁、田坝、团结、塘山、桂阳、分水、茨林11村。,河地乡“位于县治东北105公里处、驻地今两河口。因境有两河口、地干寺,各取一字,故名,清宣统二年起属龙山乡。1933年6月红四方面军在两河口建立乡苏维埃.民国24年6月至33年属双河乡(联保),后分属双龙、白庙、文运乡。1951年成立双河乡、地干乡。1953年两乡合并为河地乡。1958年改为河地人民公社。1984年复名河地乡。全乡面积32.9!平方公里,辖高坪、晨光、地二、白山、琳琅、何家梁、红树、天主、玉宝、中华、茂兴、金马、石龙、庄子14村。.两溪乡位于县治东北103公里处,驻地今双河场。因地处谯家河、柏树滩汇合处,故名,清宣统二年起属龙山乡。1933年6"
xianzhi,p-0115,联保,",故名。清宣统二年属元坝镇。1933年6月红四方面军在青狮子,9月在岳东场分别建立区、乡苏维埃。民国24年5月为岳东乡(",")。34年属岳滑乡。1951年建政为岳东乡。后因规模大分出青龙乡,部分划入地干乡。1955年又将划出郡分划归岳东乡。1958年改为岳东人民公社。1984年复名岳东乡。全乡面积42.06平方公里,辖青狮、平顶、守垭、三墙、老树、药柏、云察、青茨、红碑、金银、解元、石庙、长岗、尖包、新路、琴竹16村。运山乡“位于县治东北77公里处,驻地今运山场。因其地有一突兀小山包,传为“仙人运至“,称运山坝,故名。清宣统二年属龙山乡。1933年6月、9月红四方面军在运山坝、文庙垭建立乡苏维埃。民国24年6月属三区。26年后属运河乡、文运乡。1951年成立运山乡。1958年改为运山人民公社。1984年复名运山乡。全乡面积31.22平方公里,辖宝民、秋垭、老君、文庙、双龙、二龙、双牌、义察、佛门、龙井10村。彭店乡“位于县治东北98公里处,驻地今彭店场,因明末有一彭姓人在此开店,故名。清宣统二年属龙山乡。193"
xianzhi,p-0153,543,"21950551951763113…】…)5`78200109199169195283512一1170220626320","9、195385415418951209933209021、解195485410428728215119213609一1955856684324452170162154291956864704467982237482230501957919874805372414151236386"
xianzhi,p-0154,543,"681672342150339522197514446069338234832134506119761482956965","509193456351977150704702559354228348331197815182770495635530434965219791538907093813580473513341980`1566387119923600353519571981161021720242364699355543后1982161796726260368316357944198316460972775136950235824919841678147293063708563584501985173769733655373041036061519861813337463213800073663141987189675754312381933369379198819735275898838746137152719892047657618163888973729191990212637763569389961"
xianzhi,p-0156,543,"2010.671181028.165968542819672050037.8952309.6715270丨28.2238","98119682080237.月154329.771537027.645659480019692353241.076517【11.381701529.596631557619702592243.535780|9.692014233.815765716919712681043.3354378.7921373|34.,5162185350197221472138.7358619.181886029.556762613719732305635.1056738.631738326.475912669119712025030.0556718.121457921.636412741719751701121.755792,8.421122216.337661812919761008814.526236|8-973852555669860171977886112.675227膏7.41136315.266"
xianzhi,p-0178,训练,"、党派群团*163,刻在东西门外城墙上。9月,阅中中心县委宣传部长张光昭来苍漫检查工作,在中共党员李清碧家里举办县委成员","班,学习斯大林《论列宁主义基础》一书中的“民族问′题“、“农民问题“、“党“等内容。冬,县委部分成员墓霸,上级党组织欧定改组县委,潘实之调阅中中心县委任执委,被派往广元、昭化等地开展党的地下工作,县委其他成员就地疏散隐蔽。改组后的县委和县委机关从县城苗圃迁歧坪张家山,继续组织民众开展抗日救亡活动。1940年国民党县党部贯彻《限制异党活动办法》,苍漫处于白色恐余之下、翌年1月241日深夜,潘实之等13人在县城被国民党苍溪县执行委员会逮捕,中共苍湃地下组织其他成员隐居外地,停止活动。1946年8月,上级党组织派梁仕信来苍漫永宁场发展欧明政等5人入党于次年7月建立中共永宁场支部、欧明政任支部书记,隶中共阅南边区委员会领导。在党的领导下,开展抗租、抗税、抗丁群众斗争和迎接解放活动。1949年秋,中共川东组织在阅中建立领导小组后,苍溪双河场中共党员蒲清波发展程鹏、胡承普为党员,并建立党的支部。9月中"
xianzhi,p-0179,训练,"打土豪、分田地、禁烟、清剖、肃反;开展宣传、教育、文化、卫生工作,发展经济,扩充红军;在党的建设方面着重抓后进支部整顿,","骨十,充实加强支部核心领导,发展党员等工作。中共苍漫县基层组织在红四方面军反“三路围攻“,、“六路围攻“、“强渡嘉陵江“等重大战役和几次收缩阵地的关键时刻,既配合红军作战,又担负支前工作,而丁完成任务出色。1934年在川限省第三次工农兵代表大会上苍漫县被评为模范县。会上总结苍溟革命根据地的成绩是:扩大红军,支援战争;1933年10月,红军收缩阵地撒退时,组织工作做得好,不但为红军准备了充足的粮食,还有力配合红军作战;对敌斗争勇敢,吃苦耐劳精神强;拥军优属做得好。9月,县委机关迁老观场奉国寺(今阆中市辖);1935年3月,县委机关迁苍溪县城。5月,红四方面军强渡嘉陵江,县委机关随红军西进。红四方面军在苍溪活动期间,先后有3万多人参加红军,其中妇女1500多人。中共川陕省苍溪县委员会书记、副书记名录aTT|一En罗旭初书记苍漫县1933.7一1933.9陈子谦书记苍溪县.1933.9一1935"
xianzhi,p-0193,训练,"三会一课“中存在的问题,林取补教措施,使“三会一课“经常化、制度化。轮训“建国初期轮训干部着重政治理论、党的建设等方面的","。1951年县委干部训练班成立,配合土地改革分期分批轮训正副乡长、乡农会主幌、自卫队中队长、村代"
xianzhi,p-0194,训练,"关企事业单位党员由区委轮训;农村党员由乡(镇》党委轮训。党校教育中共苍溪县委党校于1961年3月建立后,围绕党的中心工作","党支部书记,学习《中国共产党党章》,《做一个好共产党员》,《农村人民公社条例}等文件.1973一1976年,举办干部读书班和工农干部学习班,培训干部和学习辆导员,农村大队党支部书记共743人,学习“无产阶级专政条件下继续革命“的错误理论,提商所谓的阶级斗争和路线斗争觉悟。1978年,组织县级机关支部书记、区委宣传干事、公社党委副书记157人,在县委党校学习《共产党宣言》、《哥达纲领批判》、《国家与革命》等领袖著作。1981年先后举办区、乡年轻干部培训班、县城机关企事业单位政工干部培训班、马克思主义唐学干部轮训班,至1984年共培训县、区、乡党政干部353人。1984年与县师范学校合办高中班,培养干部54人。1985一1988年配合中央党校附设函授学院、四川省干部函授学院,举办干部函授大专班,培训具有大专学历的党政干部171人。1986一1988年,举办党政千部中专班,培训干部42人。198"
xianzhi,p-0195,训练,"“的学习讨论进行,从理论和实践的结合上批判、否定“两个凡是“,进而宣传、贯彻、学习中共十一届三中全会精神.县、区、社举办","班,培训学习骨干3730多人,参加学习的干部5800多人。为适应中共工作重点转移到经济建设上来的需要,组织干部学习《陈云文选》、薛暮桥《中国社会主义经济问题》。宣传部派出干部巡回各区及县城机关、部门作“学习《邓小平文选》,建设有中国特色社会主义“辅导报告12场,听讲干部、职工、学校师生共7500人次。1984年8月,组织有关部、委、室、局负责人、政工干部和部分专业户撰写发展农村商品生产的理论文章25篇、印发题为《大力发展农村商品生产,为振兴苍溪经济“富民“、“升位“作贡献》的辅导材料1600余份,发至基层单位学习参考。1985年起,广泛组织党员、干部开冠关于《马克思主义古学》及《建设有中国特色的社会主义》、《坚持四项基本原则反对资产阶级自由化}的宣传学习活动,印发学习辅导材料6000册发至基层单位供学习参考,并对全县1000多名干部职工的学习情况进行书面考核。1989一1990年,学习《关"
xianzhi,p-0201,训练,"绍加入国民党任苍溪县党务指导委员会委员。之后,张翘、李阳川、刘笃先后离职。27年,余光珍、杨旭奉调参加四川省国民党员干部","班受训。28年,国民党四川省党务指导委员会任咋余光玛、杨旭、蔡铮为国民党苍溪县执行委员会委员,余光玖任书记长。29年,县城建立4个直属区分部。同时在五峰、伏回、东青、玉树、元中、三川、五龙、龙王、歧白、东石、文运、龙彭、岳滑、高黄乡建立14个直属区分部。区分部书记、委员一般由乡长.及乡中心小学校长担任.32年6月,县执行委员会筹备召开国民党苍溪县党员代表大会,国民党四川省临时党部派督导员赵炯来苍溪监迷。9月国民党苍溪县首次党员代表大会召开,正式成立国民党苍溪县党郯。到会代表40多人。选出杨旭、余光玛、舒思永、文景伟、赵琏为国民党苍溪县党部执行委员会委员;赵子恒、罗伯雷当选为国民党苍溪县党部监察委员,呈报省临时党部。33年3月,省临时党部核准并委令杨旭、余光玛、舒思永为国民党苍溪县党部执行委员会委员,文景伟、赵琏为候补委员,杨旭任书记长,赵子恒任监察委员,罗伯雷任候补监察委员。县党部内设秘书"
xianzhi,p-0202,训练,"下党员潘实之、杨伯刚等13人,后被解送青城山集中荫。民国32年(1943)国民党苍滓县党部设立四川省特委会苍滦分会,开展","党员、宣传、党务监督等活动。各区分部自行训练党员,县党部派员督导。至35年(1946)6月,先后调训各区党部书记、委员、小队长87人。党的各级组织建立有宣传委员会、县党部创办有《苍溪旬刊》,县城及重要乡镇设置大型的“建国标语牌“。五峰、城厢、玉树、龙王、歧白、东石、高黄、龙彭、文运等乡设立民众阅报室、民众俱乐部,分部所在地设置“中山室“。县党部监察委员会名义上是“发展组织,加强训练,严格执行党纪,厉行检举贪污,考核从政党员,处理违反党纪案件、审查党务工作之开展,稽核同级及下级党部财政之收支,协助政府强化地方自治之推进,协助选举,完成民意机构之健全,极尽监察之能事“。实际上是监视中共苍漫地下党的特务机构。至民国35年6月,县监察委员会建区党部筹备会监察网15个,直属及普通区分部监察网65个,监察网工作人员98人。33一36年杨旭除担任县党部书记外,还兼任特委分会秘书,进行特务活动,不遗余力地"
xianzhi,p-0202,调训,"特委会苍滦分会,开展训练党员、宣传、党务监督等活动。各区分部自行训练党员,县党部派员督导。至35年(1946)6月,先后","各区党部书记、委员、小队长87人。党的各级组织建立有宣传委员会、县党部创办有《苍溪旬刊》,县城及重要乡镇设置大型的“建国标语牌“。五峰、城厢、玉树、龙王、歧白、东石、高黄、龙彭、文运等乡设立民众阅报室、民众俱乐部,分部所在地设置“中山室“。县党部监察委员会名义上是“发展组织,加强训练,严格执行党纪,厉行检举贪污,考核从政党员,处理违反党纪案件、审查党务工作之开展,稽核同级及下级党部财政之收支,协助政府强化地方自治之推进,协助选举,完成民意机构之健全,极尽监察之能事“。实际上是监视中共苍漫地下党的特务机构。至民国35年6月,县监察委员会建区党部筹备会监察网15个,直属及普通区分部监察网65个,监察网工作人员98人。33一36年杨旭除担任县党部书记外,还兼任特委分会秘书,进行特务活动,不遗余力地破坏中共苍溪地下党组,织。34年2月县党部所属的区分部选举出席国民党四川省代表大会的代表.竞选省代表"
xianzhi,p-0204,乡保长,"民协会会员140多人。1930年2月13日,在药英寨召开农民协会代表会,发动贫苦农民抗粮、抗捐,打击土家劣绅。7月因当地","密报被迫停止活动。1932年8月,中共党员赵鱿平、孟晓川、郑枢在三堆石召开农民协会成立大会,选举张大福为副主席。三堆石农协会组织游击队,开展打土豪的斗争,处决土家马老四、恶棍芜大树。这年冬,中共阆南中心县委派王灵山到新观、雍河恢复原农民协会,成立农民武装游击队,中共地下党员陈子谦担任农民武装游击队队长。翌年5月,游击队收缴祖永直等地主武装的枪支弹药,壮大农民武装。1933年6月,红四方面军11师之一部和73师之一部相继进入苍溪,先建立的乡苏维埃政府普遍建立贫农团,联合中农、.争取富农,消灭地主势力。1950年!月,中共苍滓县委召开农民代表会议,出席会议代表263人,学寸《农民协会章程》和民主改革的纲领,成立县农民协会筹备委员会,设常委7名,李寅任筹备′委员会主任。在农村新旧政权交替中农民协会代行人民政权的职能,将“减租退押“的稻谷及清匪反霸运动中所得财物分配给贫苦农民。11月,县召开农民代"
xianzhi,p-0228,训练,"】_〕f员四川广汉县雷民国25年(1936》x万乐a一一Ezmt军官训【曾锦柏窿萱责旦董四川开江县民国27年(1938》","所罗映江|大学|四川阀中县|县长|民国31年(1942)5厂志|anss一[[agzeeH厂不|anK玲a|Rey#aa5王页厂HHakHn75刘云髓四川苍溪县鳕霜1950年4月a5y[ases[aga51年2月一52年8月代县长,8月27刘山西中阳谢长庚|“初中|四川巴中县|县长|19541年5月H交|皂T|aasynhzxeay|[[apznHRS安晓霞魍河北鸡泽县髓1970年8月(军代表)副主任张喜堂山西阳城县主持全|1972年下年(军代表》面工作东无|1|aHFE1stMaz7"
xianzhi,p-0231,联保,"维埃政府95个,乡苏维埃政府,设主席和裁判、土地粮食、劳工内务委员,管理全乡政务。民国24年(1935)夏,全县设36个","办事处,置联保主任、文书。翌年夏,改36联保办事处为36乡公所,设乡长、乡队附。26年又并为30个乡公所。29年实施新县制,推行_-地方自治,将30乡改编为15乡(均为乙等乡),旋改城厢乡为城厢镇,乡镇公所,设乡长、镇长.乡(镇)公所、学校、自卫队部合署办公,实行“政、教、军“三位一体,“管、教.养、卫“合一。36年全县为19个乡公所、1个镇公所。1950年1月,维持旧乡(镇)政权体制原状,随即建立乡(镇)生产、征粮、剿匪委员会。接着成立乡农民协会行使乡政府权力,开展民主改革.至年底,结合减租退押,开展民主建"
xianzhi,p-0232,训练,"正、副保长、文书。3153甲各甲设甲长一人。民国36年增划1街保(县城),全县为289保,各增设一保队附办理“民众自卫“",",甲数仍旧,1950"
xianzhi,p-0237,联保,"法}规定,各省“各选区由该区各县之乡(镇)长联名推选候选人“。苍溪县为四川省第14选区之一部,县成立选举事务所,召开全县","主任会议推选候选人,常诲清、舒子铭、杨廷椿3人当选,呈报省政府批准常诲清、杨廷椿2人为正式代表。翊年抗日战争爆发,国民代表大会停开。36年第二次选举国大代表,省政府委任县长为县选举事务所主任,各乡(镇)设投票站,组织民众选举国大代表1人,初订常诲清、罗峄礼、赵北垣、杨廷椿.舒子铭、吴文明、刘植清为候选人。选举中,常、杨竞选角逐激烈,贿赂、封宙拉选祥。选举结果,常诲清当选。杨廷椿虽落选,因他是中央国定人员,也以*合法代表“出席南京国民代表大会。37年!月,乡(镇)民代表选举中央立法院立法委员,2月1日县选举事务所开箱计票,李显威得票最多,经省选举事务所批准李显威为立法院立法委员|"
xianzhi,p-0277,训练,"交通安全县公安局从1952年开始管理交通安全,宣传交通法规,处理交通事故。1973年协助农机部门办中型及手扶拖拉机驾驶员","班,统一考核,填发“三照“。1980年1月21日,县革委成立整顿交通秩序领导小组,检审驾驶员1010人,检审各类机动车937台。1981年县政府成立整顿城镇交通秩序领导小组,县公安局人员上路检查车辆11978台次,纠正违章892台次、开交通肇事现场会2次,集训肇事驾驶员5期、150人次。1987年5月组织治安警、刑警、武警与交通警察548人次,检查各类机动车,纠正违章413人次,排除路障37处。1988年3月改组交通安全联组,以区公所、派出所、农机站、运输管理站组成新联组,各治安警察专管或兼管交通安全,开展以“反违章,压事故,保畅通“为主的交通管理工作。这年在国道212线55.5公里地段内设道路交通新型反光标志127面,检查各类机动车,纠正违章3843台次,考核指数与1987年相比,事故下降22%,死亡人数下降115%,受伤人数下降20%,直接经济损失下降7%。1990年结合公路安全管理,"
xianzhi,p-0289,训练,"规划》(简称“一五“普法)。同年,组织订购普法宣讲资料、法律常识和法律文献汇编8万余册。举办乡以上领导干部和普法宣讲骨干","班3期,参训371人。县司法局组织县城机关干部、职工和苍溪师范学校师生参加全省基本法律常识竞赛,获广元市组织奖。"
xianzhi,p-0313,训练,",到一方户口所在地的婚姻登记机关申请.登记机关经审查符合条件、即登记发给结婚证或离婚证。1985年将婚姻登记人员集中到县",",经考试合格发给《婚姻登记员证书》后,才准予负责婚姻登记工作。1986年6月1日执行新的婚婪登记办法,婚姻当事人凭《居民身份证》即可申请登记。1989年县民政局推广龙山区各乡婚姻登记七到场(分管婚姻登记的乡干部、民政干部、共青团、妇女干部、办公室文书、申请登记的男女双方到场)办法,即以乡为单位,定期组织申请结婚男女进行政策法规、人口基础理论、优生优育、避孕节育知识、计划生育意义、婚事简办新办、尊老爱幼、团结和陵的学习教育,经考试合格后,在上述人员共同参与下发给结婚证。执行新的婚姨登记办法后,登记违规率由1988年的0.66%下降到0.07%%。第二节蒙葛管理县俗对死者遗体的殡葬方式,历为棺木土萱。解放后,宥传在丧葬中不搞迷信活动,节约办丧事,做小棺材,藕坟不占田。60年代后期,因木材缺乏,一些地方改用水泥预制棺材。1977年国家投资32.2万元,在城郊公社〔今陵江镇)麻岭村建修火葬场。19"
xianzhi,p-0335,训练,"证。1982年贯彻《团川省厂矿企业劳动保护条例)》:《四川省厂矿劳动监寡违章处理办法》,培训宣传员35人.翌年办劳动保护","班11期,培训职工331人,并对企业领导、工人、干部进行劳动安全考试。1986年春运期间,组织局级以上干部对全县渡口及各种车辆进行安全检查,纠正违章车输,整改水上隐患,被广元市评为春运安全先进县。这年举办驾驶员、电工、锅炉工安全培训班12期,培训1596人。1988年起,把劳动安全监察、安全“达标“(分期分批达到《四川省厂矿企业劳动安全条例》要求标准)同企业|管理、上等级工作结合起来考核.并将保健津贴标准由原甲等7元、乙等6元、丙等5元,分别调整为11元、12元、10元、改发保健食品为发现金。至1990年未,麻纺织厂、头食品厂、食品公司肉联厂、植物油厂、绸厂、毛纺织厂、元坝绪丝厂、两河和石门电站、文昌变电所,粮食汽车队,邮电局等企业安全达标,发给合格证。"
xianzhi,p-0338,训练,"培“训工人培训1956年县内手工业、资本主义工商社会主义改造基本完成,全民、集体工商业企业工人日益增多,各企业札取办业余","班、岗位练兵、以会带训,以老带新等方式,提高工人文化、技术和职业道德水平。1979年工作重点转移到社会主义现代化建设上,工商企业调整布局,工人成倍增加。为适应现代化建设需要,县成立取工教育委员会,抓职工“双补“(文化、技术补课)和文化进修。各企业亦相应成立管理组织。1980年县丝厂对310名应补对象开尺“双补“,于1985年文化课补习合格284人,占应补92%、技术课补习合格304人,占98.065%;全员培训中举办短期训练班,参训442人;还派往杭州、成都、阀中等纺织厂学习培训88人;经省、地、县专门培训22人,函授学习14人。1980年起全县招工实行全面考核、择优录取。1983年起建立职业培训中心,工人就业前"
xianzhi,p-0339,训练,"千部阶级立场,树立无产阶级观点,先后举办春节宣传、征粮、减租退押、清匪反霸等各种学习班,培训1654人。1951年县干部","班成立,分批轮训千部1896人、开办党建班,陆续训练党建、政权建设骨干,8月,县培训农村基层干部982人。1955年县级机关干部110人进行业余文化补习。1956年在苍中校开办扫盲班、高小班,组织区、乡干部学文化。60年代转为各部门自办文化班,“文化大革命“开始后终止。1975年改回水示范繁殖农场为“五,七“干部学校,党、政干部350人入校学习“无产阶级专政理论“。1983年对1966年“五。一六“通知后参加工作的高中毕业以上(含专科、理工科大学毕业生)未系统学习中国近代史的干部、县城以大口、区乡以区设教学点,集中干部743人学习近代史。1985年116名干部参加四川省干部函授学院学习,其中党政专业75人、经济专业37人,汉语文学专业4人;参加县师范学校二年制中专班学习53人;1952一1978年,先后选派干部335人到中央、西南区、省、地大专院校离职学习培训深造;1979一1990年共选"
xianzhi,p-0344,训练,"国共产主义育年团,编入旅欧支部。东溪多杨达,于黄埔军校毕业后考入日本陆军士官学校学习军事,回国后先后任国民党庐山中央军官","团教官,别动队副总队长兼第五大卞大队长*驻汝西),继后任四川省军事委员会主任,国防部监察局局长等职。东溪乡杨树校,于'民国20年后考入法国巴黎航空大学机械系学习,6年期满固国后任中央航空学院教官。解放后,出国学习人员有:陵江镇罗志力,1950年由甘肃玉门去苏联学习半年,回国后先后在四川省石油研究所、成都地质学院石油系工作。月山乡马大发,1960年留学"
xianzhi,p-0360,联保,"革命军民国21年(1935)5月红四方面军撒离苍溪后,国民革命军特别行动队第四中队90人进驻苍溪半年,与还乡团配合,组建","“义勇队“,进行军事操练。并在险要地及交"
xianzhi,p-0362,训练,"红三十军。后备队民国34年(1945)2月,国民兵团下编后备队3个中队,中队配中尉队长,少尉副队长。任务是维持治安,编组","国民兵预备队,35年1月,后备队撒销。常备自卫队民国37年(1948),县民众自卫总队下设常备自卫3个中队。10月,县警察中队改′编为常备自卫队第二中队,翎年复为县警察中队,任务是“防奸防匪“,指导区、乡、保"
xianzhi,p-0363,训练,"“318。苍漫县志民自卫队","。1950年1月由县人民政府收缩。|人民武装大队1950年1月18日,收编民众自卫总队常备队、警察中队160余人,组建苍溪县人民武装大队。下编3个中队,承担剽匪、护仓任务。7月,全大队并入警卫营。警_卫营中国人民解放军六十一军一二八师五四六团于1950年2月整编后,从编余中抽调366人组建苍溪县警卫苑,下辖3个连、7个排、30个班,7月县大队并入,加上新征集人员,组建7个区警队(又称区干队)。.分驼城厕、东青、五龙、三川、歧坪、东溪、龙山,拔负清匪等任务。1951年9月,一连调至新组建的川北基干第三团二营。1952年5月,二连与县武装警察中队合编为中国人民解放军苍溪公安中队。其余人员另行分配工作或复员安置,撒销警卫营建制。第二节_团“练清嘉庆初年,白莲教农民起义军人境。县境各地办团练对抗农民起义军。道光二十人年(1848),知县泽宽以“白莹教匪滋事深得团练之力“为由,将保甲与团练联编。光绪"
xianzhi,p-0364,训练,"进行坚决斗争。第四节“民众自卫队民国34年(1945年)8月,编组国民兵预备队。凡年龄在18一415岁健康男性,均得参加","。国民兵预备队以乡(镇)为单位编中队,保编分队。20人为一班。乡(镇〉每月会操一次,训练合格者,由乡(镇)编成警备、侦察、交通、运输、工务、消防、救护等分队(或班)备用。各保组织巡逻队、盘查哨,维护地方治安。民国37年春,县改国民兵团部为民众自卫总队部,国民兵预备队也改名为民众自卫队。全县19个乡各成立一个民众自卫大队。289个保各成立一个分队。以乡为单位编组侦察、工程、肃奸、宣传、运输、救护、传令、给养八种分队,执行“防奸防匪“任务。"
xianzhi,p-0365,训练,"以下8一15人为1小队,3个小队为1中队,各设队长!人。1954年在普通民兵中挑选18一25岁男女青年组建基干民兵,通过","担负重要执勤任务。1958年9月,“大办民兵师,实行全民皆兵“,农村、城镇、机关、企事业单位都建立民兵组织。至1959年2月全县有民兵师8个,民兵团70个,民兵营381个、民兵连1248个,共20.91万人。其中基干民兵4.7万人。利用农闲时对民兵进行军事训练。训练科目有队列、射击、投弹、战术及“三防“(防空、防原子、防化学武器)常识。这年训练基干民兵1.35万人。1960年2月中共苍溪县委民兵工作领导小组成立,县委书记任组长,县人武部政委任副组长。1965年县建立3个武装基干民兵营,区以下分建民兵返、排、班,有武装基干民兵连6个(含机枪、炮兵连各11、独立武装基干民兵排79个、独立班164个,共有武装基干民兵3475人。“文化大革命“中,县、区、公社建立民兵指挥部(1976年后撒销),组织民兵参加阶级斗争,以政治代普军事科目。1970年6月组建苍溪民兵团,开赴陕西镇巴、紫阳、西乡、城固一"
xianzhi,p-0366,训练,"9周岁初中以上文化青年编入基干民兵,基干民兵连配正、副连长各1人,普通民兵只配正职,同时建立两用人才培养、使用制度。民兵","由县人武部组织,以区为单位集中训综,至次年1月共训练557人。1988年7月贯彻中央“准少数量,提高质量,抓好重点,打好基础“的民兵工作方针,继续对民兵以出、入、转队编组配干为主要内容的组织整顿。以乡(镇)编基干民关返,乡武装部长兼任连长,乡(镇〉党委书记兼任政治指导员。以村编普通民兵连,选军事素质好、组织能力强的复员军人担任连长,村党支部书记兼任政治工作员。民兵训练亦改为以县集中训练。县成立民兵训练队,县人武部部长任队长,人武部政委任训练队政治委员。训练队下设教学、政工、后勤保障、行管各组,分别由人武部军事、政工、后勤科科长和办公室主任担任组长,人武部参谋担任训练队连长,各区、乡武装部长任排长、班长。这年训练民兵200人。经考核所训科目全部合格,县人武部被成都军区、四川省武装委员会分别评为先进人武部、先进标兵。1990年县人武部训练民兵385名,广元市武装委员会对苍溪县民兵分队的擒拿格斗"
xianzhi,p-0367,训练,"。852。苍漫县志`编为3个区队、31个连队、245个小队。以乡为单位每月","一次,以备征召。27年苍溪县按《非常时期征集国民兵及抽签实施办法》开展征兵。这年1月县长曾锦柏令各学校动员适龄学生服役。6月,又令党政机关、学校、法团协同宣传,“唤起民众乐尽兵役义务“。7月成立“苍漫县暂时民众训练指导委员会“,调训练员318人于县立初级中学校训练后,赴各乡开展壮丁训练。凡年满18一45岁周岁健康男性都为应征对象(独子可缓′征》,届时中签者即应征入营服役。28年冬,全县50多名青年自愿报名参军抗日。32年,12月,苍滓350名壮丁从军远征。33年12月,全县250名知识青年从军远征。34年春,62名知识青年志愿报名应征,这批青年到达隆昌远征军二零三师驻地,仅18名被考取,后经送兵人员说情,入苑44名。.抗日战争期间苍溪县征兵人数raTassss|门ass|351938500492194210009601939720720`1443t132013201940720720\19"
xianzhi,p-0367,调训,"龄学生服役。6月,又令党政机关、学校、法团协同宣传,“唤起民众乐尽兵役义务“。7月成立“苍漫县暂时民众训练指导委员会“,","练员318人于县立初级中学校训练后,赴各乡开展壮丁训练。凡年满18一45岁周岁健康男性都为应征对象(独子可缓′征》,届时中签者即应征入营服役。28年冬,全县50多名青年自愿报名参军抗日。32年,12月,苍滓350名壮丁从军远征。33年12月,全县250名知识青年从军远征。34年春,62名知识青年志愿报名应征,这批青年到达隆昌远征军二零三师驻地,仅18名被考取,后经送兵人员说情,入苑44名。.抗日战争期间苍溪县征兵人数raTassss|门ass|351938500492194210009601939720720`1443t132013201940720720\1941111320132019419609601945|1082108235年国民党当局发动内战、苍滦再次大征兵。因民众反对内战,役政人员、接兵军队及乡保长在征兵中殉私舞弊,应征者有钱的可贿赂役政人员免征或买兵作抵;无钱的穷苦百姓,十"
xianzhi,p-0367,乡保长,"419609601945|1082108235年国民党当局发动内战、苍滦再次大征兵。因民众反对内战,役政人员、接兵军队及","在征兵中殉私舞弊,应征者有钱的可贿赂役政人员免征或买兵作抵;无钱的穷苦百姓,十五六岁少年,五十几岁老人和在校学生都难幸免。“三丁抽一、五丁抽二“及壮丁年鲍规定被践踏,抓壮丁风潮大起,被抓壮丁绳捆索绑押送,人民视征兵为瘦疫,或躲藏,或倾其家产买兵,或自断右手食指,刺瞎右眼等以抗拒服役。城厢镇北门沟周银生壮丁未被抓到,镇队附陶纯武即派人将其父周绍清(53岁)抓来,将胡须剃了去顶|兵;城厢镇青年周军廷中签后,为抗拒服役,砍掉右手两个指头,被县政府关押3个月;城厢镇中心小学15岁学生钱如忠也被抓兵。这年10月剑(阀)平(武)师管区补充第二团二若在苍溪县城兴贤街考棚接收新兵13名,当夜放5人,收贿500万元法币;一年中全县征兵323名,中途逃跑35人。36年,县政府企图纠征兵中的弊端,实行“间接抽,签实施办法“,将壮丁名册以保编号,由兵役协会代表(乡镇民代表主席、中心学校校长)按当年应征壮丁数的一至"
xianzhi,p-0374,训练,"三军及地方武装,在东线牵制敌人。为保障顺利渡江,1935年2月,红军一面从各军抽调260人组成水兵逊,在东河进行操船泗水",",一面调集300多名铁匠、木工等技术人员在王渡成立造船厂,赶造渡江船只及浮桥构件。红三十军军长余天云、政委李先念亲临动员,川陕省苏维埃副主席余洪远、保卫局长谢凡到造船厂指导工作。苍溪县委书记陈子谦走|乡串户,动员群众支援红军造船。月余时间造木船75只,3座浮桥构件。3月27日晚红军战士及游击队员秘密将船拙至10里外的塔子山后的深沟密林里隐蔽起来,待强渡嘉陵江时使用。为迷惑江防田军,以中共苍溪县委宣传部部长张华为首组成火线宣传队及苍滦县第9区苏维埃政府组织童子团、宣传队,在主渡口附近的塔子山、五当山、陶家垭一带前沿阵地,对田军喊话,作瓦解斗志工作。晚上组织赤卫队、游击队在江内放灯,佯"
xianzhi,p-0379,乡保长,"个营,实力增强。13年,庞聚众攻打向都城的帽盗寨,号令龙山、鞍子、金斗、彭店等地男女青年数千人参战,违者以通匪论罪。彭店","向明建迟到,被庞当场枪毙。常盔寨地势险要,强攻未下,庞令团丁攻入向的家中,打开钱库握掠一空。返回时遭向伏击,死伤甚众。不久,庞希元再次攻打帽盔寨,向滚木播石齐下,又未攻下。过了一〈."
xianzhi,p-0381,乡保长,"团长,王小坤任参谋长,李子君任政治部主任,并选配营、返、排干部。同时对保长吴万德等做策反工作。教育歧坪、白庙、张王等地的","弃暗投明,交出武器,接受共产党的领导。在有了武器的情况下,建立了一个若的武装。邹楚领导这支武装力量,打破了“西南长官部巴山中美技术合作所“特务黄定远,在这一带勾结土匪与乡保人员上山打游击对抗解放的企图。这年农历冬月初九,邹楚趁白庙赶场天,在三圣官召开迎接解放的讲演大会。会场中悬挂中国共产党党旗,新中国国旗和“毛主席是人民的大救星“的标语.吻众达1.5万人。使人民及时知道了共产党、人民解放军即将解放苍溪的消息。苍滓解放后,这支队伍被人民解放军一二八师接收。"
xianzhi,p-0381,乡保人员,"的情况下,建立了一个若的武装。邹楚领导这支武装力量,打破了“西南长官部巴山中美技术合作所“特务黄定远,在这一带勾结土匪与","上山打游击对抗解放的企图。这年农历冬月初九,邹楚趁白庙赶场天,在三圣官召开迎接解放的讲演大会。会场中悬挂中国共产党党旗,新中国国旗和“毛主席是人民的大救星“的标语.吻众达1.5万人。使人民及时知道了共产党、人民解放军即将解放苍溪的消息。苍滓解放后,这支队伍被人民解放军一二八师接收。"
xianzhi,p-0391,543,"973133741172310742123193593197615982280111831238327782197923","319717595515847108919822262337971617150470211191985373516937211794634158530191988457118937232394426148276271990576291870625406335019928175第二节“经济效益劳动生产率1950一1957年社会劳动生产率逐年提口。1957年全员劳动生产率达到480.7元。1959一1962年,即国民经济第二个五年计划的后四年略有下降,1961年为409.48元。1963一1965年,国民经济通过调整又路有回升。但“文化大革命“期间社会劳动生产率大帽度下降。这一时期因“左“的影响,为中华人民共和国成立后苍溪县劳动生产率最低的一个时期,每年在300一400元俳徊.1976一1985年全员劳动生产率为恢复和上升阶丞。1980年为729.19元/人,其中工业全员劳动生产率为1.38万"
xianzhi,p-0426,训练,",在城厕、元坝、歧坪建蚕业指导所,指导养蚕技术,饲养秋蚕。1952年川北蚕业推广队在苍溪县南阳、歧坪、烟峰等乡办蚕栖技术","班20天,推广“栋引收蚁法“技术。1953年学习苏联经验,推广发蚁蚕及“高温、十燥、稀座、多回、薄饲“养蚕法。1951年推广稀蚕勤喘,提青分批、何食就眠、小蚕防干、大蚕防潮、勤除蛎沙技术。同年推广合川经验,饲养晚秋蚕387张。1960年推行养正春、晚春、夏蚕、正秋、晚秋、晚晚秋6季蚕,分15批发种,造成严重缺叶,蚕病蔓延。为解决缺叶矛盾,普遍在栖叶上喷酒黄豆浆、绿豆浆和红糖、白糖、葡萄精、小苏打、食盐、硫酸钢、氯震素稀释液充饥防病,未见成效。到1961年蚕茧总产量下降到35.44万公斤。1964年县委书记和蛎丕干部摘高产试验,养春、秋、晚秋蚕各一张纸,平均每张单产56.4公斤。到1966年,全县产茧量回升到51.31万公斤。“文化大革命“期间,毁栋严重,蚕茧产量再次下降,到1977年仅26.05万公斤。此后,推广小蚕“高渊、多涨、少回育“和“早止桡、迟响食“技术,并添食蜕皮激素和保幼激素以"
xianzhi,p-0438,训练,",加上1980~一1985年的投资总共1403万元。技术力量对农机技术人员的培训,除上级有关部门为县培训外,县亦开办各类","班为区、社、队培训。1960年开办排灌机手短训班。1965一1971年,县农机站每年冬春季节都要培训新机手、财会人员;区站以下推行副机手制,安排副机手跟班实习,以师带徒,现场培训。7年共培训财务会计、修理工、拖拉机手、内燃机手2645人次。1972年县农机局统一拨支经费,由县、区、社分工培训区、社、队人员。1975年7月成立县农业机械化常设训练班,短期培训与长期培训相结合,对各级农机管理、技术人员都进行轮流培训,使之会操作、会经营、会修理。至1990年,全县共培训各类农机技术人员30685人次。其中站长2292人次、财会人员5365人次、机务人员2514人次、修理工1725人次、内燃机手7966人次、抽拉机驾驶员8144人次、其它生产技工2679人次,四川省农机局曾表彰县农机校为农机培训工作先进单位,1990年全县农机系统全民所有制职工中有技术员53人,中、高级技术人员-21人。乡、镇、村"
xianzhi,p-0516,543,"|8.8670.96192.4,1|蜜显,果心小,极沥吴:,..上',远山乡075|406.7814.07.607|0.","|8.150|0-096184.9:1石浓、氯\植心小、老君村上分析单位:四川省江津团艺试验站"
xianzhi,p-0529,训练,"杆线、购置2000多元的彩色电视机,为村民办起了文化室,元坝镇利用乡镇企业上缴利涧款,解央全镇村民农业税、集资办学、民兵","、广播线路和千部误工补贴等费用。陵江镇光明村二组利用组办企业上交利涧款解决老年农民每人每月15元退休生活补贴费。乡镇企业还造就了一批善经营,会管理,懈技术的专业人才,为乡镇企业更大发展奠定了良好基础,."
xianzhi,p-0530,543,"镇企业'“515,园乡镇企业基本情况|单位;万元TalzralalaraLe,企业个数15462171152910679","76487508910其中村及村以下130718561133709558842484328599丛业人数15830|17462|1126061635568175692501727680其中村及村以下1396111226638427811981129441947822127总产值44316561470123016544795.42|8176.09|13208.81其中村及村以下107400355325.94422749.5345346949.5种养业总产值16825712738.2745.3997.99230.56霍藁_7丨喽熹薯翼置z寮L1=『j罄】【下12018489鲨。.2|3623.3459.67165.25工业总产值16913011188849061752.96|3098.03|6292.59其中村及村以下128983908256.3295997.591658.532486建筑业总"
xianzhi,p-0535,训练,"多从外地延聘。解放后,工业企业除留用民国时期的大部分技工外,主要靠自己培养和学校分配。通过派出去学,请师傅进来教、办技术","班等形式,提高企业管理和技术水平。至1985年全^县工业企业拥有各类专业技术人员463人,占当年工业企业职工总数的9.6%%。至1990年,各类专业技术人员上升为811人,占当年职工总数的16.29%,其中会计师14人、经济师18人、技术员246人、会(统)计员104人、技师(士)102人、其他辅助生产专业技师(士)19人。另有从事专业未评聘职称的308人。国营绪丝、麻纺、织绪两类轻纺企业2349名职工中有技工1183人,占56.40%。集体缚丝、织绪两类轻纺企业554名职工中有技工338人,占61%。第二章工业发展第一节电力工业详见本志《水利电力篇》"
xianzhi,p-0538,543,"292匹,产值1081元。1951年县城建立联营民成工厂,使用传统纺织机具,从业60余人,翎年6月减为29人,资本额达4",".1元,织宽布288匹,窄布720匹,袜400打、毯子600床、土染布4800匹,年底,因产品质量低劣,销路窄,资金缺乏停业。1955年后,外来机制布畅销市场,手工织布渐被淘汰.唯县城制线厂生产的棉线走俏。1971年制线厂划归街道工业,更名城关棉纺织厂,从业8人,垫底资金800元,至1974年职工增加至48人,新添制"
xianzhi,p-0558,543,"第十人箭.工业.",".单面腐蛟机台|1‖全开磨刀机台|1铜铧版修版机台|1‖四开一回转平台印刷机台|1铜锌版铡切机台|1‖立式停回转凸版印刷机台|-手动照排机台|1『自动四开平台印刷机司|1对开胶印磨版机台|1【纸面上光机台|1全开胶印磨版机台“1【电化铧切割机台|1自动圆盘机台|7【四开平压机台|2|手动圆盘机台|7【模版锡床台‖方向自动圆盘机台|2‖制模切割机司|1对开停回转自动印刷机台‖a『微光照排机套|1四开停回转自动印刷机台|1【四开平台转停式印刷机台|1四开方向机台|1‖提升机台|1铸字机台|a【车应台|1拉条机台|1【铧库台|2刨版机、倒版机自|2【明床台‖1全张切纸机台‖1‖动轮机台|热溶铸胶机台|1【电化铜压痕切线机台|2苍误县猛猴桃食品饮料厂设备名称|单位|数量‖“设备名称|单位|数重|燕汽锅炉6吨/小时‖洪酒生产线1饮料生产线真空封口机3沥月苍溪县植物油厂沥玟河吴[国江狄沥孙玟园扬原料清"
xianzhi,p-0597,训练,"。1980年3月,县邮电局成立全面质量答理领导小组。此后在所辖的9个班组和8个支局成立QC小组、年年举办全面质量管理知识","班,受教育面达98%以上。1981年18个QC小组中,先后有34个组(次)分别参加地、市邮电局和省邮电管理局质量管理成果发布会,分别获得省、地(市)邮电部门先进或优秀QC小组称号。1990年用户满意率达94.265%,乡邹准班率99.03%,电报回单返回率96.8%,城市投递准班率100%。"
xianzhi,p-0639,543,"“624。苍漫县志第二十二篇财“税第一章财政收入园第一节农业税明嘉靖二十二年(1",")征税粮1813.52石、户税银28.72两,附征“上解运费“银1963两,征丁银1164两。万历九年(1581),“丁条粮“和加征“三饷“,均以货币计征,共银7158两。清代停征“三饷“。但战乱、天灾频仍,人口、耕地锐减。康熙十年(1671)征银59.54两。通过移民和垦殖后,粮食作物面积不断扩大,至六十年〔(1721)征银1548两。雌正七年(1729)“摊丁入亩“,征银1772两。乾隆九年(1744)、三十五年、五十五年,丁粮全免。嘉庆八年(1803)减丁条粮30%。娃丰四年(t854)后,相继随丁条粮加征津贴、捐输银5367两。宥统二年(1910)征丁条粮、津贴捐输银7139两。民国元年(1912)改丁条粮、津贴捐输等为田赋正副税和征解费。4年,田赋征银改两为元,年征银1.99万元。11年,防区驻军实行借垫、预征、一年预征数年田赋。1933年7月,苍漫县苏维埃政府成立后,采取征收豪"
xianzhi,p-0654,训练,"26年,收禁烟费银圆3965元。还有契纸工本费、副食马干费、荣军生产费、青年军安家费、乡公所培修费、壮丁费、子弹费、保甲","费、碉堡费、生活补助费等等,有的长期摊派,有的临时筹集,收入不一。从1986年起,对排污单位征收排污费,由环保部门征集,财政局统筹开支。年收入《万元。1990年收入6万元。1989年10月开征中小学危房改造附加费,按征收建筑税的应税投资额附征1%4,1990年收入4万元。基“金能源交通重点建设基金1983年开办能源交通重点建设基金,对国家机关、国营企业事业单位的预算外收入、城镇大集体企业的税后利涧,都征5一15%的能源交通基金。年收入34.37万元(含中央、省级收入。1987年扩征到所有集体企业和个体户,征率调为7%,1988年收73.5万元,1990年收79.6万元。茧丝风险调节基金1988年6月开办茧丝风险调节基金。对私自调出省外的茧丝类商品,按省定价格的一倍征调节基金。年收入59.4万元,1990年收入74.1万元。粮食补贴基金1989年开办粮食补贴基金,向国营、集体企业和工商户征收"
xianzhi,p-0656,旧乡保人员,"年收入4.87万元,1970一1985年收入24.36万元,1986一1990年收入4.5万元。|杂项收人杂项收入有清理","挪用的公款、粮食;有解放后各企事业单位发放的货粮贵款尾欠收回;有掂掘地下财物;有手工业、小商贩、合作组织利涌结余和清理有关部门小金库等收入。1953一1967年收入48.62万元,1971一1985年收入25.3万元,1986E一1990年收入10.9万元。′第八节“预算外收入预算外收入,主要有农税、工商税附加、财政局集中企业的利涓留成。1952年收7.1万元.1953年调低农业税附加后,收入2.6万元。1958年调高农业税附加率,加上集中国营企业利涧留成,收入50.6万元.1972年增加集中企业更新改造资金,减少杂项收入,年收入41.1万元。1978年增加城市公用企业利涧畜成,收入75.4万元。1985年收入66.8万元,!990年收入80万元。"
xianzhi,p-0666,543,"0393.7072.500.803.103.40.19808.5378.00217.4088.703.901.00198",".900.5054.10101.803.9014.105.20198880.107.70247.90186.6010.3039.104.00198958.3010.60330.80189.9018.4058.003.501990162.809.60564.30247.6019.3067.203.50第五节其它支出民国24年(1935),县管狱署经费列入其它支出。25年,增加新生活运动促进会和培修杂支费等,年支8639元。27年,又增防空支会、监视哨所、机关祀典等支出项目,年支1.42元。增加民意咨询委员会、兵役协会、户口普查经费和禁烟费、孔子诞辰费、公务员食米价款补助费、公教人员生活补助费等项目。民国32年开支1977万元,36年上升为26476万元。解放初,凡无固定支出项目,临时发生小额费用均列入其它支出。1956年支8000元,'占总支出0.055%。后将民兵事业、税务业务、监所、苍溪"
xianzhi,p-0685,543,"881952161191984687227155363195615374124198782356079789019605","104\19907542647110029.196410388121熹s′第三节工商贪欲.民国31年(1942),成立县银行后,开始发放工商货款,只有活期放欲一种。35年增设特种贷款,对象扩大到机关团体和学校,共放款17302万元(法币),余额为3878.3万元。36年,又开办质押放款,以货款两倍的有价证券作抵押。这年5月又增设定期放款和定期抵押放款。由于通货膨胀,贷款逐年减少,至38年底,全县仅有工商贷款180户,2081.2万元(金元券)。1950一1951年,县人民银行给县城58户工商业户发放质押贷款1万元。从1953年2月起,开办短期放款、定期放款、季节性放款、大修理放款、结算放款、临时放款6种。同年6一9月并对私苑工商业户贷款9.9万元。工商业户由“五反“前的176户增至235户,年末贷款余额增至3万元,比1951年增加两倍。这年,县人民银行还配合农村统购统销,增加粮食贷款,年未"
xianzhi,p-0733,训练,"教育、文化、工业、商业、卫生、矿业、财政、合作、警政、土地、邮政、电政、交通、户口、禁政(禁烟)、保安、度政〔度量衡)、","、剿匪、粮食、气象、民政等项目,并形成定期统计报表制度。′解放后的国民经济恢复时期和“一五“时期,统计报表主要有综合、农业(农、林、水)、工业、基本建设、交通邮电、商业、财政金融、劳动工资、人民物质文化生活9个大部类。1950年,为了清查土地习惯亩面积,使当年公粮负担合理,同时为土地改革提供较准确资料,县人民政府组织力量对全县土地进行查田评产活动,通过插签自报,逐块核实评定等级,然后张榜公布,群众审查,计算常年产量,最后分区汇总上报。1952-年对全县私营工商业进行普查,并建立统计报表制度。同年对农业、工业、商业、基建物资、劳动工资等国家报表,实行部门或单位定期报表制度,并按照国民经济部门分类,经济类型分组统计。定期报表的报送时间,也由原来的季报、半年报、年报,改为日报、旬报、月报、半年报、年报。业务部门统计年报,在报送上级业务主管部门的同时,抄报县综合统计部门汇总。同时,统计部门还对国民"
xianzhi,p-0767,训练,"9280|第五节师范学校“教师进修学校师范学校清光绪三十一年(1905),县立高等小学堂内附设师范讲习所,为官、公立学堂","师资。民国12年(1923)和14年,曾两次于县教育局院内开办师范讲习所,先后招收师一班和师二班,学制二年。18年,苍溪县立初级中学开办后附设师三班,19年续招师四班,为国民学校培养师资。20年2月,于县城原考橱(今县人民检察院处)成立县立"
xianzhi,p-0772,训练,"第二十六篇*教“育“757。年撒党义科,加公民","科;改工作科为劳作科。25年根据国家修正小学课程标准,撒卫生科,从四年级起,算术科加珠算教学内容,31年小学公民训练科改为团体训练科,为实施训育和训练卫生习惯科目,改初小社会、自然科为常识科。37年执行国家小学课程第二次修订标准,初、高小除均设公民训练、音乐、体育、国语、算术、美术、劳作科外,初小设常识科,高小设社会、自然科。1950年起,小学先后按“五年一贯制“和“四二制“教学计划设置课程,前者设语文(或国语)、算术、自然、历史、地理、体育、音乐、图画(或美工)科,自然、历史、地理从第四学年起开设;后者课程设置除与前者基本相同外,初年级语文包括常识,算术从四年级起加珠算,高年级自然包括卫生常识,美工包括图画、劳作,自然、历史、地理在第一学年开设。从1963年起,小学执行教育部颁发的《全日制小学教学计划(草案2》,开设周会、语文、数学、历史、地理、自然、生产常识、体育、音乐、图面、手工课,"
xianzhi,p-0777,训练,"学校为小课堂)相结合,学生频繁地下乡下厂“学工,学农“,请工农兵上讲台,把阶级斗争当主课,放弃基础知识的传授和基本技能的",",加之前期撂“停课闹革命“,教育质量普遍下降。1977年起,逐步恢复正常的教学秩序,恢复考试制度,把提商教育质量作为学校工作的中心环节,坚持“三为主“(以教材为主、课堂教学为主、学生为主)教学方法。1982年起全县教师学习赞可夫、布鲁纳等教育理论,围绕“发展智力,培养能力“的总题目进行教学改革实验,在加强学生自学能力培养,发拂学生主动性和积极性等方面都取到良好效果。1985年以后,全县普遍开展以教师为主导,学生为主体,训练为主线,加强“双基“(基础知识、基本技能》,培养能力,发展智力为中心的“优质课“活动,评选“教坛新秀“,开展高级教师“亮一手“活动,推动着教学改革深入发展。苍溪中学从长期教学实践中,探索出课堂教学、课外活动、劳动实践三结合的教育新方法、新体系,为发展苍溪经济、文化事业培养出大批有用人才。1987年3月,全省重点中学办学经验交流会在苍溪召开,推广其办学经验,同年4月11日,"
xianzhi,p-0787,联保,"人、开设国语、算术、历史、珠算,聘请县城秀才任教,经费由县警察局提供。两年后停办。27年县立城中小学|附设民众识字班,由","主任任训育主任,聘请国民学校教员任教,选择小学高级部优秀学生为导生,辅导学生认字。28年全县开办民众学校20所,对15一35岁失学男女实施民众补习教育。29年全县中心国民学校和保国民学校分设小学部和民教部,将原民众学校并入国民学校,分别由乡长、保长兼任校长,使国民义务教育与失学民众教育合流。这年,全县有民众教育班195班,学生5941人。到民国35年,内战爆发,民众教育名存实亡,仅县民众教育馆办有妇女识字班,但收效关微。1950年县人民政府积极开展农民识字教育,办起农民识字班388个,学员1.61万人。1951年3月底,建农民业余夜校456所,4.52万人入学。1952年各中心小学和完小除办好附设农民业余学校外,并领导所属村小办好业余学校,固定业余学校1042所,学员7.15万人,其中商级班5445人、初级班6.61万人,专职教师92人、兼职教师661人、群众教师2108人。各业余学校学习"
xianzhi,p-0795,训练,"专门造就国民学校师资,以推行国民教育。29年全县师资经检定合格者仅73人。这年暑假,苍滓、阅中两县合办保国民学校短期师资","班,苍溪选送52名参加培训;下期又选送24名教师前往剑阀师资训练班受训,从民国30年5月起的3年内,县教育行政部门利用寒暑假期举办各种类型的训练珠和讲习班,分期分批培训国民学校和私立小学教师。35年后,小学教师讲习改为“通讯讲习“,由县教育科购备教材,发给教师自行研读,定期分乡举行考试,同时按行政区划分学区,由驻区督学巡回辅导所属学校教师进修;请有教育经验的教师到各地作示范教学或举行座谈会.中心国民学校校长、教导主任定期召开辅导会议,辅导保国民学校教师进修,提高业务水平。34年县和乡镇国民教育研究会相继成立,县教育研究会主编《苍滦教育通讯》,辅导教师进修,乡镇每学期召开三次教育研究会,研讨教学及训育等问题。解放后,师资培训工作由各级教师进修院校实施,坚持以在职进修为主,离职培训为辅的原则,采取以下几种形式,帮助教师提高政治文化业务水平:一是短期培训。从"
xianzhi,p-0804,训练,"任。教务主任组织和管理教学:考试;训导主任负责学生思想教育、纪律、生活管理;总务主任负责财经、后勤。学校童军教员专管童军","。中心国民学校校长管理乡〔镇)保国民学校。保国民学校设校长,由保长兼任。解放后,小学由县文教科(局)主管,实行校长负责制。50年代初以完全小学或中心小学划分辅导学区。1958年人民公社化后,以公社为辆导学区,管理全社公、民办小学。“文化大革命“中,农村小学由贫下中农答理,公社建立教育革命委员会,设主任、副主任,管理全社学校教育工作。1978年以后,公社(镇)小学陆续建立中共支部、支部书记一舫兼任校长,学校实行党支部领导下的校长负责制。1950年开始,中学和中等师范学校,受省政府及其派出机构专署和县人民政府的双重领导;有关教育方针、政策、学制、教育计划、教导工作、教材由教育部统一管理,学校日常行政与业务由专区和县教育行政部门管理。1963年开始贯彻中共中央《全日制中学暂行工作条例(草案7),初级中学由县教育行政部门管理,高级中学和完全中学由省教育厅委托专区教育行政部门管理。“文化大革命“期间"
xianzhi,p-0815,训练,"化大革命“中突出政治,“农业学大寨“以会代训。70年代中期,县农业局、科委办红茹高渥大屋容、苔尖越冬作种、病虫害防治技术","班29期,共训练3400人次。县、区、社分别办沼气技术培训班150期,培训3484人次。1980一1985年,贯彻全国科学大会精神,「各部门举办各类专业培训班形成热潼。县畜牧局办养猪、羊、克、鸡、鸭和检疫培训班92期;县蚕丽局建技术培训中心,培训公社蚕桑辅导员、小蚕共育户、蛎秤专业户;县林学会办林业技术培训班3期;县医学会办《伤寒论》理论学习班1期,办防疫、助产、护理、药剂等培训班8期;县煤建公司办节煤技工学校,培训“苍漫1型省柴节煤灶“技"
xianzhi,p-0843,训练,"作活动蓬勃兴起,县文化馆创办《梨花面廊》,先后出刊“48期,展出作品900多件。1984年县美术协会成立后,多次举办美术","班,同时在元旦、春节举办美术展览。至1989年,全县展出22次,参展作品1423件。其中举办少年-儿童面展12次,作品300多件,推荐到省、市展出39件。1984一1990年,全县在地(市)级以上发表和展出作品492件(地、市310件,省级以上182件)。省美协会员仲兴泉的版画、国画及封面设计、省美协会员曾方林的宣传面、省剧协会员、舞美师牛兴武的灯戏《灵牌谜》舞美设计、市美协会员赵家辛的山水面多次在省级报刊发表或参加中国画院省、地、市展览获奖。"
xianzhi,p-0855,543,"994198454174775198535573130198634763007198735263120198838433","198940043750199041323993第二节_电“视建设与发展`1977年县广播局第一次购置黑白电视机1台,组织县城部分群众收看。1979年在白鹤山建电视差转台,转播省台第一套节目,因功率小,县城只有52台电视机(其中投影、"
xianzhi,p-0860,训练,"计档案的同时,裱糊民国时期残存档案25.4万页,并分类组卷,5年共整理档案1.57万卷,资料1.05万册,办档案工作人员","班27期,培训499人。鉴定档案2.9万卷(县档案馆1.56万卷)。县档案馆增加了吸尘器、除湿机、湿度自动显示仪各1台,排风机4台,还有灭火机11台。检索工具经调整由原205册,哲为198册。1990年底全县共藏档案284个全宗,8.2万卷,其中县档案馆馆藏4.42万卷,机关档案3.78万卷。经检查验收13个单位达标。第二节_利“用1959年贯彻“提高档案工作质量,积极开展档案利用,为社会主义服务“的方针,先"
xianzhi,p-0865,训练,"址王渡造船厂遗址在今县东南20公里王渡场东河东岸蔡家河边,背靠朐坪梁,北临小安淮。这里竹树茂密,便于隐蔽。江流平缓,便于","。1935年红四方面军在此建造舷厂,厂长张承宽、副厂长兼工会委员长李在安、秘书陈在海、组织委员罗天良具体负责设计和造船工作。工会办公室设在王渡场王贤木家里。造船厂有300多名工人,日夜赶造。红三十军军长余天云、政委李先念亲临工地作政治动员;川限省苏维换副主席余洪远、省保卫局长谢凡等曾到此指导造船和训练渡江突击队。经过一月紧张奋战,于1935年3月27日前造成每只可容一班人的“毛蚌壳“小船75只。还制造了供搭3座浮桥用的铁构件,为红军胜利强渡嘉陵江立了功。今遗址尚存。红军渡红军渡位于县城东3公里处的塔山湾,渡口在两山之间的峡谷口,森林茂密。这里江面狱窄,水流平稳,利于战前隐蔽和渡江登陆。1935年3月,红四方面军选定此地为渡江主渡口,3月28日晚,红四方面军主力在此地胜利渡江西进。解放后,为纪念红军"
xianzhi,p-0895,训练,"开办,开设专业有篮球班甲、乙组,乔乔球班甲、乙.组,学员772名。开学两个月后,因经费不足,兼职教练缺席后无人晃补,加之","场地严重不足等原因停办。1976年3月恢复苍溪县业余体校。收男女学员72名,分篮球、乔乎球甲、乙班。文化学习按层次分别在苍漫县中学、城郊中学、陵江镇小学续读。3个月后又因经费困难,学生分散,文化与体育授课时间发生矛盾而再次停办。1977年县级里有关部门总结业余体校两次停办教训后,决定在陵江镇和城郊小学,选招三年级学生,办业余儿童体校班。同时调整培训项目,增设武术班和男、女簧球两个班,学员36人。他们毕业后90%以上都升入初中学习,体育达标率855%以上,多为学校主力运动员,多次"
xianzhi,p-0896,训练,"生的好苗子被遗弃,十万人才断档,故于1980年再次停办,这年县体委和文教局研究,改变办学方式,决定在三川中学开办田径业余","点,经费、运动服、器材及业务技术指导由县体委负责。一年后,单独组限参加南充地区1980“年中学生田径运动会,获团体总分第三名,1981年获团体总分第二名,1982年获团体总分第一名,为多出快出人才,县体委决定在苍溪中学和城郊中学选招46名体育尖子学生,设篮球、武术、田径班。教练由县体委派出。1983年,恢复县业余体校。招生对象以少年为主。利用课余时间进行训练。1985年,调整教练员,增设举重等项目。训练人数定额50人。1987一1990年调整业佘体挚的领导班子,改善管理体制,各科教练员由县体委专职教练员和苍溪中学、城郊中学、师范附小专职体育教师分别担任,并制定严格管理、教育、培训制度,配备专职校长和兼职副校长,按国家教练员、运动员守则要求,严格管理和训练。还制定出《苍溪县少年儿童业余体校选材、训练标准》和《业余体校有关问题的暂行规定》,对学员训练比赛及文化成绩建立《技术档案卡》和《业余体校"
xianzhi,p-0970,训练,"毛瑟枪、汉阳枪各1支及子弹、火药等;动员在潼川兵工厂工作的邻居张文兴回乡修配枪支;说服在县保安团吹号的表兄张光明请假回乡","游击队;组织王正安、李平章等猎手在密林深处练习射击。1933年3月21日,二十九军三师驻王渡的毛克书营派排长王杰等5人潜入三堆石游击区韩正海家侦察游击小组活动情况,罗旭初立即带人包围韩宅,杀死王杰和士兵1人,活捉2人。4月22日,三堆石农民武装正式打出“中国工农红军三堆石游击大队“旗"
xianzhi,p-0980,训练,"筏又率还乡团握白色恐怡,对苏维埃干部、红军家属及支持过红军的群众进行反攻倒算。民国27年,余光珍参加国民党四川省党员干部","班受训期间,经黄仲翔介绍加入三民主义青年团,回苍后建立直属阀中三青团分团部筹备处区队1个、分队3个,介绍、征集团员60余人。民国28年2月至民国32年12月,任国民党苍溪县党部书记长。民国31年并兼任县临时参议会参议员、县银行董事长;民国32年任四川省第二届参议会候补参议员。余在任书记长期间,积极发展组织,征训党员,协助推行政令,在全县设}国民党区分部17个,党员人数由500来人发展至1200人。用他自己的话说“收效颈著“。同时,余光玖与县长曾锦柏一道于民国30年1月逮捕、关押中共地下党员潘实之等人。民国33年,余光玫回苍溪中学任教。次年春夏,地方实力人物陶友万与杨旭、刘金先等产生内训,矛盾激化,余见势难支,随县长罗映江去昭化县,任昭化县第二区区长、后任第三科科长,民国36年任广汉县第二科科长,后任第一科科长兼田粮管理处副处长。1950年镇反中,余光玖被人民政府依法处决。"
xianzhi,p-0983,训练,"江南岸战斗中牺牲。,邓世钓的英雄事迹已载入《辞海》。陶友三陶友三(1886一1951),名之益,苍溪县回水乡人,成都警佐","所毕业。国民党员。其祖父陶三级举家迁入县城。清末,陶友三之父陶大元及母吴氏于县衔对门开一客栈,名兴隆栈。不久,父亡母嫁。陶友三随母去继父永宁场殴占先家,并进永宁场赵锦堂杂货铺当学徒。年余后,生母、继父返县城重开客栈,陶友三人叶署刑部学吏,“学习三年,不入茶社“。19岁时婆妻李氏。一日,因父子纠纷,殷愤然回永宁场,断绝往来,陶友三乃独立持家,经营客栈(更名为之益栈3。寄宿其客栈之客人,十之八九系去县衙鸣冤诉讼者。陶友三借出入县衙及经营客栈之便,包搅词讼,掖索钱财。未几,家业大兴。清末民初,袍哥帮会活既,陶友三拜义字大爷张和斋为大哥。不久,张死去,陶出乙为义字大爷,并任县知事公署第四科一级科员。民国9年(1920)被师长田颂尧委为苍溪县警佐事务所一等警佐、团练局长。任期内场县城办平民夜校1所,景太平缸21口。民国12年,知事黄琰鱼肉百姓,陶友三代表县人请命,将黄撒换。民国16一24年间,任二十"
xianzhi,p-1009,废除旧乡保,"减完。第十,累进税,要广泛征收。宣传征收累进税的意义,征收累进税的办法,要邃照有关税务条例执行。v苍溪县人民政府关于彻底","政权的指示(草案)旧乡保政权是国民党反动派统治最基层的政治组织,它直接而残酷地压迫着广大乡"
xianzhi,p-1009,旧乡保政权,"收。宣传征收累进税的意义,征收累进税的办法,要邃照有关税务条例执行。v苍溪县人民政府关于彻底废除旧乡保政权的指示(草案)","是国民党反动派统治最基层的政治组织,它直接而残酷地压迫着广大乡"
xianzhi,p-1010,废除旧乡保,"必将成为运动中的一个最大障碍,同时也使我们在政治上脱离了群众而犯严重错误。所以我们特作如下的指示:(1》在减程运动前径底","政权,取消旧保甲制度,暂以现行乡保区划建立人民民主的新政权。`(2)现任乡保长,一律调县学习一至二个月,再按其立功情况分别先后处理。(3)旧的乡保人员调县后,由乡农代会选举正副乡长,乡人民政府委员唯不选举,由乡长提名,经县人民政府批准委派充任(选出之正副乡长亦须报县人民政府批准任命)。,乡长及委员产生后,即行建立乡人民政府及其委员会。乡人民政府委员会除正副乡长各兼一委员外,可设委员五至七人,分掌民政、财政、生产、武装、公安、文教等事宜。委员成份,贫雌农必须三分之二,但必须吸收三分之一的中农和贫苦知识分子参加(农会主席一般的选为委员)。乡人民政府脱离生产的工作人员以五个为限(即正副乡长、农会主席、自卫指导员、通讯员),但因现有乡镇区域很大,工作繁多,可酌情多设脱离生产人员一至五人。乡以下,即以原来之保改设村,村必取代表制,村代表由农代会或农民大会选举,按每甲选代表一人,村设代表主任一人,代表"
xianzhi,p-1010,旧保甲,"最大障碍,同时也使我们在政治上脱离了群众而犯严重错误。所以我们特作如下的指示:(1》在减程运动前径底废除旧乡保政权,取消","制度,暂以现行乡保区划建立人民民主的新政权。`(2)现任乡保长,一律调县学习一至二个月,再按其立功情况分别先后处理。(3)旧的乡保人员调县后,由乡农代会选举正副乡长,乡人民政府委员唯不选举,由乡长提名,经县人民政府批准委派充任(选出之正副乡长亦须报县人民政府批准任命)。,乡长及委员产生后,即行建立乡人民政府及其委员会。乡人民政府委员会除正副乡长各兼一委员外,可设委员五至七人,分掌民政、财政、生产、武装、公安、文教等事宜。委员成份,贫雌农必须三分之二,但必须吸收三分之一的中农和贫苦知识分子参加(农会主席一般的选为委员)。乡人民政府脱离生产的工作人员以五个为限(即正副乡长、农会主席、自卫指导员、通讯员),但因现有乡镇区域很大,工作繁多,可酌情多设脱离生产人员一至五人。乡以下,即以原来之保改设村,村必取代表制,村代表由农代会或农民大会选举,按每甲选代表一人,村设代表主任一人,代表主任可半脱离生产"
xianzhi,p-1010,乡保长,"特作如下的指示:(1》在减程运动前径底废除旧乡保政权,取消旧保甲制度,暂以现行乡保区划建立人民民主的新政权。`(2)现任",",一律调县学习一至二个月,再按其立功情况分别先后处理。(3)旧的乡保人员调县后,由乡农代会选举正副乡长,乡人民政府委员唯不选举,由乡长提名,经县人民政府批准委派充任(选出之正副乡长亦须报县人民政府批准任命)。,乡长及委员产生后,即行建立乡人民政府及其委员会。乡人民政府委员会除正副乡长各兼一委员外,可设委员五至七人,分掌民政、财政、生产、武装、公安、文教等事宜。委员成份,贫雌农必须三分之二,但必须吸收三分之一的中农和贫苦知识分子参加(农会主席一般的选为委员)。乡人民政府脱离生产的工作人员以五个为限(即正副乡长、农会主席、自卫指导员、通讯员),但因现有乡镇区域很大,工作繁多,可酌情多设脱离生产人员一至五人。乡以下,即以原来之保改设村,村必取代表制,村代表由农代会或农民大会选举,按每甲选代表一人,村设代表主任一人,代表主任可半脱离生产,负责处理全村日常事务。村以下,即原来之甲,改为居民小组,每组"
xianzhi,p-1010,调县学习,"示:(1》在减程运动前径底废除旧乡保政权,取消旧保甲制度,暂以现行乡保区划建立人民民主的新政权。`(2)现任乡保长,一律","一至二个月,再按其立功情况分别先后处理。(3)旧的乡保人员调县后,由乡农代会选举正副乡长,乡人民政府委员唯不选举,由乡长提名,经县人民政府批准委派充任(选出之正副乡长亦须报县人民政府批准任命)。,乡长及委员产生后,即行建立乡人民政府及其委员会。乡人民政府委员会除正副乡长各兼一委员外,可设委员五至七人,分掌民政、财政、生产、武装、公安、文教等事宜。委员成份,贫雌农必须三分之二,但必须吸收三分之一的中农和贫苦知识分子参加(农会主席一般的选为委员)。乡人民政府脱离生产的工作人员以五个为限(即正副乡长、农会主席、自卫指导员、通讯员),但因现有乡镇区域很大,工作繁多,可酌情多设脱离生产人员一至五人。乡以下,即以原来之保改设村,村必取代表制,村代表由农代会或农民大会选举,按每甲选代表一人,村设代表主任一人,代表主任可半脱离生产,负责处理全村日常事务。村以下,即原来之甲,改为居民小组,每组选代表一人,不"
xianzhi,p-1010,乡保人员,"暂以现行乡保区划建立人民民主的新政权。`(2)现任乡保长,一律调县学习一至二个月,再按其立功情况分别先后处理。(3)旧的","调县后,由乡农代会选举正副乡长,乡人民政府委员唯不选举,由乡长提名,经县人民政府批准委派充任(选出之正副乡长亦须报县人民政府批准任命)。,乡长及委员产生后,即行建立乡人民政府及其委员会。乡人民政府委员会除正副乡长各兼一委员外,可设委员五至七人,分掌民政、财政、生产、武装、公安、文教等事宜。委员成份,贫雌农必须三分之二,但必须吸收三分之一的中农和贫苦知识分子参加(农会主席一般的选为委员)。乡人民政府脱离生产的工作人员以五个为限(即正副乡长、农会主席、自卫指导员、通讯员),但因现有乡镇区域很大,工作繁多,可酌情多设脱离生产人员一至五人。乡以下,即以原来之保改设村,村必取代表制,村代表由农代会或农民大会选举,按每甲选代表一人,村设代表主任一人,代表主任可半脱离生产,负责处理全村日常事务。村以下,即原来之甲,改为居民小组,每组选代表一人,不脱离生产。一九五〇年苍溪县人民政府布告民禁字615号公元1"
xianzhi,p-1037,训练,"、驾驭者并非轻车烈路,而是在做中学,学中做,肖人瞎马,步步求索.十年中,组织编修人员去外地参观学习20余人次,办修志人员","班33_期,培训2240人次;出《县志工作通讯〉40余期,共6000余份;调整县志编委成员3次;召开部门领导成员会议10余次,9次调整纲目,7次修订志稿。一瞒之补,不惜战涉千山万塘;一史之正,甘愿蒙受雨霁风霜。既而在浩瀚资料之中,逐字琢磐,虞贻疏溥;悉心淘滢,犹恐不金。呕心沥血,荧灯火于子夜;忘餐废寝,寄遍思于新章。十年磨炼,容颜减光,须发易色,惟因“传世之作“,恐瑕疸贻误后人.信托如此,亦足暧叹。而今书成心轻之时,掩卷回思,始悟“一事之成,悬于众手“,斯言不虚《苍溪县志》除编素者辛勤耕耘外,没有县委、县人大、县政府、县政协领导之关怀,没有省、市地方志部门之指导,没有县属各部门之合作,没有省、市和兄弟县(市)专家、学者以及县内各界人士之支持是难以孕育诞生的。上述一一,我们衷心感谢!特别是对中国地理研究所张新保、柴崇新教授,浙江省地质矿产厅韩文彬高级工程师(教授级》,西南教育行政学院高廉平老"
minzhengzhi_aa,m-121,训练,"干部中,约四分之一的干部是退伍军人,给群众自治性组织增添了活力。民兵骨干。复员退伍军人,都经过战争的考验或接近实战的系统",",回乡后,他们积极投入民兵建设。50年代初至60年代中期,全县乡一级的民兵干部和村(大队)的民兵连排长中的绝大多数由复退军人担任。随着退伍军人的数量增大,在70年代、80年代,退伍军人更成了民兵组织的骨干力量。他们把解放军的好思想、好传统、好作风和军队现代化的各种知识传授给民兵,为使民兵建设跟上时代的发展作出了贡献。科技骨干。复退军人知识面广,特别是在部队经过“两用人才?的系统训练,思想解放,接受新鲜事物快,对苍溪工、农、林、牧、副、渊和交通、邮电、水利、文化、饮食服务等各行各业注入了新的血液,尤其是在农村科技致富方面发挥了骨干作用。^扶持致富复退军人回到农村后,党和政府为他们创造和提供发展生产,劳动致富的条件。50年代初,国家拿出大笔资金扶持其发展生产。人民公社化以后,由于生产组织形式和农业生产的单一化,限制了他们的积极性,因而盼招工进城,跳出“农门,有的目的达不到,就消杜等待国家补助救"
minzhengzhi_aa,m-16,联保,"“′′.′′.′“.′“.′′………""′""""""""′"""".""""…""""""""""""………(sz)团保区划033苏维振区初.33》","、乡(镇)保区创038》1"
minzhengzhi_aa,m-183,训练,"0_一一第三节立功军人名录“1950年至1957年,苍源县人民政府先后收到在抗日战争、解放战争、抗美援朝战争中,以及战备","、国防施工,支援朝鲜人民重建家园中,作出了特殊贡献的445名苍浩县籍立功军人的立功喜报。各级政府接到喜报后,制作了《人民功臣》穴、慰问品,148."
minzhengzhi_aa,m-28,训练,"5月国民党的别动队及地主还乡囡陆续返芯,大肆“清乡“剽杀苏维埃干部及红军家属,推广“新生活?运动,","乡、保、甲长,建立5个区,下设36个联保办事处,辖保、甲。7月“改组县政府,设三科两处一室一部。一科等民政、军事。10月县成立禁烟(鸦片)委员会,附设我烟所,各区设分所。是月苍溪民工1万人,自带口粮、工具,参加修筑川陕公路神宣驿一段,堵年夏完工,死伤民工甚多。民国25年(1936年是年洪、夏早180天,未插秧,溪沟断流,夏粮无收。秋,县内组织饥民请愿团,推举耆老黄精五为代表上省请愿,要求拨款赚济灾民并豁免税款。其间,在成郁的苍浩人士陈维新面见省主席刘湘陈述,免除了全华赋税。、民国26年(1937年)2月24日“飓风侵袱苍溪,灾民17万。紧接群大早。大饥,村村有人俄死,并多处发生人食人肉惨剧。县城开稀饭厂两处,每日供应两餐稀饭给灾民。7月“成郗慈幼协会陈铁生来苍救灾,圭苍中校内成立《成都慌幼协会苍溪县灾柿收宪所“收容7至14岁儿童500多人。民国27年(1938年)县政府由三科增为五科,即民"
minzhengzhi_aa,m-28,联保,"及地主还乡囡陆续返芯,大肆“清乡“剽杀苏维埃干部及红军家属,推广“新生活?运动,训练乡、保、甲长,建立5个区,下设36个","办事处,辖保、甲。7月“改组县政府,设三科两处一室一部。一科等民政、军事。10月县成立禁烟(鸦片)委员会,附设我烟所,各区设分所。是月苍溪民工1万人,自带口粮、工具,参加修筑川陕公路神宣驿一段,堵年夏完工,死伤民工甚多。民国25年(1936年是年洪、夏早180天,未插秧,溪沟断流,夏粮无收。秋,县内组织饥民请愿团,推举耆老黄精五为代表上省请愿,要求拨款赚济灾民并豁免税款。其间,在成郁的苍浩人士陈维新面见省主席刘湘陈述,免除了全华赋税。、民国26年(1937年)2月24日“飓风侵袱苍溪,灾民17万。紧接群大早。大饥,村村有人俄死,并多处发生人食人肉惨剧。县城开稀饭厂两处,每日供应两餐稀饭给灾民。7月“成郗慈幼协会陈铁生来苍救灾,圭苍中校内成立《成都慌幼协会苍溪县灾柿收宪所“收容7至14岁儿童500多人。民国27年(1938年)县政府由三科增为五科,即民政、财政、教育、建设、兵役科,后又设社会"
minzhengzhi_aa,m-29,543,"。4月22日至26日_大雨,山洪暴发,洪水陡涨,田禾多被冲刷倒毁。是年小麦遮黑穗病、水稻遮蜗虫危害面积40万亨,损失产量",".79万斤。民国86年(1947年)′5月“成立“苍溪县在乡军官分会?,国民党军官58名参加该会。6月25日“大雨数日不止,山洪陡发,江水暴涨,省水灾赈济会先后汇来小本责款法币3000万元。'11月“实行所谓《民选“,县内党派势力、土豪劣绅争夺权利,人事纠纷加剧。为缓和矛盾,全县增划为20个乡(镇)、288个保、3153个甲。民国38年(1949年3月“成立“苍溪县救济院,收孤儿16人。是年真、夏150天未下透雨,约20万亨农作物受重灾,减产粮食3000万厅。12月31日“人民解放军解放苍溪县。,.1950年1月18日11宴蕃>奚县人民扛置乏亥f守归重三重z,随即开展民政工作。9月1日,民政科成立,何芗任科长。2月1日“全县建立10个区人民政府。「是月19月百余土原抢劫第五区(歧坪)人民政府,区民政委员吕宏元牺牲。4月“根据《共同纲领》规定,苍源县召开各界人民代表会。5月_按《中华人民共和"
minzhengzhi_aa,m-29,废除旧乡保,"生产救灾委员会?。由于上年遭受旱灾,造成严重春荒。全县发放小麦等粮食88.4万斤给农民深荒。8月县人民政府发布《关于彻底","政权,建立乡村人民政府的指示》。9月“苍溪县复员委员会成立,并接收人民解放军第一批复员军人。「.[…。"
minzhengzhi_aa,m-40,训练,"困户就业。当年,民政局无偿拨款15.5万元,使用周转金13万元,银行贷款25万元给予扶持。6月27日民政局开办婚姻登记员","班,给考试合格者颁发了《婚娇登记员证书》,规定颉证者方有权进行婚妮登记。7月!日起,领结婚证时,同时发给贴札人头像的《夫妻关系证明书》,作证明夫妻身分用;如已婚者要求办此证,可凭结婚证补发。是月“对烈土、因公牺牲、病故军人家属中无劳、缺劳、无固定收入生活低于当地群众水平的,自当年1月起,由定补改为定期抚饵并顾发定期抚侬证,原未享受定补的《三属?也抚伽,抚恤面和金额比原定捡定邢补助增大。11月30日至12月2日_县人民政府召开“扶贫扶优“和“肉年帮户助耕“先代会,表彰先进集体和先进个人。是月“经地、县决定,建立苍涉县光哀院。投资23万元,建三楼一底宿舍及食堂、浴室等附尼设旁。年底破土动工。安畔优抚对象中的季老,使之欢度晚年。19"
minzhengzhi_aa,m-46,训练,"(1935年),县政府一科主管民政工作时,具职能是办理行政区刘、选举事务、整顿保甲、人事任免、水陆公安、防空、兵役、军政","、禁删禁詹、医药卫生、优待抚饲、赚灾教济、宗教礼俗、社合登记、慈喻感化、工役、地政、仓倩积谷、寺府财产管理监督、名胜古逊古物调查,保管乡铭遗产、婚丧管理、民政中务及起草、掌理县政府文件、书信等。25"
minzhengzhi_aa,m-60,联保,"埃亭“子“口亭“子“乡'三乡苏维埃自“桥坝自.桥“乡四乡苏维埃石“城“场剑阎县太平乡考观区苏维埃老“观“场辖9个乡苏维埃","、乡(镐)保区划,'民国24年(1935年)夏,蒋介石的中央势力入川,取消军闻防区制。县以下设区分保,划全县为五个区,即一区(治地城厢),二区(治地歧坪),三区(治地龙山》,四区(治地东溪),五区(治地三川》。全县共设36个联保办事处,203保。民国25年(1936年)夏,5个区并为3个区,36个联保改为36乡,即:东北、西南、云峰、五里、伏公、槐树、回水、五龙、永宁、小浙、鸵浩、东青、马桑、六鸣、禅林、蟠龙、玉树、三川、新观、龙王、雍河、石门、唤马、元坝、王渡、白庙、滑江、歧坪、石桥、东溪、高黄、文运、岳东、石马、龙彭、双河等乡,分别隶属于三个区署。是年,全县有人口229558人,25953户。民国26年(1937年)底,将86乡并为30个乡。即,一区(治地县城)辖;城厢、回3霍蔓`"
minzhengzhi_aa,m-64,废除旧乡保,"、三区(五龙》、四区(三川》、五区(歧坪》、六区(东溪、七区(龙砦T)。6月,川北区党委指示;年底前结合减(租)退(押)",",建立新乡、村。1951年1月,增划第八区(元坝),并就全县自然地势,废旧乡,新划为58个乡、1街和524村(实际于1950年底已划分完毕,此时上级才正式批准)。一区辖,城关街及城郊、镇水、槐树、回水、云峰、王漆、五里、六包8乡、1街、73村;区政府先设城隍庙,后迁刘家巷。二区辖,东青、马根、蟠龙、禅林、八庙、七树6乡、36村!区政府设东岳庙。三区辖;五龙、永宁、白垭、白鹤、浙水、伏公、鼓楼7乡、72村;区政府设五龙场。四区辖,万川、龙王、雌河、新观、两河、复兴、小新7乡、42村;区政府设三川场。五区猾:歧坪、南阳、白庙、烟峰、漓江、土鲤6乡、80村!区政府设歧坪场。六区辖:东溪、桥滓、田荣、大石、石灶、高坡、土门、黄猫、岳东、文林10乡、83村;区政府设东溪场。七区辖,龙山、彭店、石马、双河、河地、柏杨、文昌、运山8乡、92村;区政府设龙山场。八区辖;元坝、石门、唤马、中土、店子、张王6"
minzhengzhi_aa,m-74,联保,"第三章_基层政权建设第一节乡保政_权晚清、民国的基层政权,其组织形式,经历了团保制、","制、乡保制。其变化实质,在于强化对人民的统治。团“保“制清嘉庆年间(1799一1820年),白莲教农民起义军部属阮正隆、张权潮、包正洪、高德均、冉天元等先后进入县境,历时五六年。清王朝严饭编村保甲,煌式比户患挂门牌,开载详细,寓囡练于保甲之中,“坚壁清野,聚察防守,以御农民起义军。道光二十八年(1848年),邑令泽宽详编联保甲,在各乡场设场头(管场内之事》、客总(答场外之事),又复慕顿县中团练保甲,以镇压人民起义。光结元年(1875年),县令毛隆恺重新整顿团练保甲,仰保甲团练融为一体,“保甲联于无事之日,囡练用于有事之时。于县城设保甲总局。划清保址,就地成团,设保正、甲长,照给门牌。康、观、寺、院编造无遗。对流民,注明无业字样附于牌尾,以示区别;客店往木客旅,问明来历注签;平时保甲盘话严密,有事闭练会川兜挎。此举曾获府宪《峡奖?,并将新订章程,转发所属州县。二十六年(1900年)钦衔广练民"
minzhengzhi_aa,m-75,训练,"体。1935年5月,红军撒离苍溪,蒋介石“统一川政,取消防区制,国民党别动队与地主还乡团大肆《清乡?,推广“新生活运动,","保甲人员。6月,各区设区署,置区长1人,管理全区事务,下设区员芸干,雇员若干。全县203保,设36个联保办事处,各设联保主任一人。翌年,划全县为““86乡,各乡由县委派联保主任!人,管理全乡事务,下设队附!人,负责武装训练,干事若干人。联保以下,设置保长、队附等。保以下设置甲长,直接管理民众。|乡“保“制民国29年(1940年),四川改行《新县制?(即地方自治),实行所谓管教养卫合一。“管?即清查户口,监视居民言行;“教?即宣传国民党的党化教育;“养?即摊派各种苛捐杂税“卫“即组织地方武装。撒销区署,改设区指导员,指导全区工作。撒销乡的联保办事处和联保主任,改设乡(镇)公所,设正副乡(镇)长,乡(镇)队附及分管民政、经济、文化、总务等机构及十事若干,乡丁三五十人,管理全乡保甲事务,并规定;“乡、镇公所直属县政府,承县政府监督指挥,受该管区署之督导,办理本乡镇各项行政及自治事务“,加强县政府"
minzhengzhi_aa,m-75,联保,"广“新生活运动,训练保甲人员。6月,各区设区署,置区长1人,管理全区事务,下设区员芸干,雇员若干。全县203保,设36个","办事处,各设联保主任一人。翌年,划全县为““86乡,各乡由县委派联保主任!人,管理全乡事务,下设队附!人,负责武装训练,干事若干人。联保以下,设置保长、队附等。保以下设置甲长,直接管理民众。|乡“保“制民国29年(1940年),四川改行《新县制?(即地方自治),实行所谓管教养卫合一。“管?即清查户口,监视居民言行;“教?即宣传国民党的党化教育;“养?即摊派各种苛捐杂税“卫“即组织地方武装。撒销区署,改设区指导员,指导全区工作。撒销乡的联保办事处和联保主任,改设乡(镇)公所,设正副乡(镇)长,乡(镇)队附及分管民政、经济、文化、总务等机构及十事若干,乡丁三五十人,管理全乡保甲事务,并规定;“乡、镇公所直属县政府,承县政府监督指挥,受该管区署之督导,办理本乡镇各项行政及自治事务“,加强县政府的垂直领导。.第二节苏维埃政权。苍溪苏维埃政权,先后共存在约一年半时间,并经历了建立一一撒出一一恢复的过"
minzhengzhi_aa,m-77,旧乡保人员,"用,逐步改造,为彻底废除创造条件;二是以旧的乡为单位成立征粮剿匪委员会,由政府派任工作人员或农民积极分子任正副主任,使用","协助征粮工作,号召他们戴罪立功g三是在清匪肃特和征粮运动中,发现和培养积极分子,逐步建立乡农协会,代替旧的乡政权。农协会设正副主席,下设武装队长、文书等。7月,废旧保甲,逐步建立村政府,村设村长、农会主席、民兵自卫队长、妇女代表、文书等。据不完全统计,上半年清匪肃特中,共歼灭土匪22人,瓦解土匪527人,土匪自新316人,收缴枪支1000支。,1950年夏秋间,苍溪县人民政府根据上级指示精神和本县情况发布了《关于彻底废除旧乡保政权,建立乡村人民政府的指示》,指出,在减租运动前彻底废除旧乡保政权,取消旧保甲制度,暂以现行乡保区划建立人民民主的新政权;现任乡保长,一律调县学习一到二个月,再按其立功情况分别先后处理g旧的乡保人员调县后,由乡农代会选举正、副乡长,乡人民政府委员暂不选举,由乡长提名经县人民政府批准充任(选出之正副乡长亦须报县人民政府批准任命)。乡长及委员产生后,即行建立乡人民政府及"
minzhengzhi_aa,m-77,旧保甲,"肃特和征粮运动中,发现和培养积极分子,逐步建立乡农协会,代替旧的乡政权。农协会设正副主席,下设武装队长、文书等。7月,废",",逐步建立村政府,村设村长、农会主席、民兵自卫队长、妇女代表、文书等。据不完全统计,上半年清匪肃特中,共歼灭土匪22人,瓦解土匪527人,土匪自新316人,收缴枪支1000支。,1950年夏秋间,苍溪县人民政府根据上级指示精神和本县情况发布了《关于彻底废除旧乡保政权,建立乡村人民政府的指示》,指出,在减租运动前彻底废除旧乡保政权,取消旧保甲制度,暂以现行乡保区划建立人民民主的新政权;现任乡保长,一律调县学习一到二个月,再按其立功情况分别先后处理g旧的乡保人员调县后,由乡农代会选举正、副乡长,乡人民政府委员暂不选举,由乡长提名经县人民政府批准充任(选出之正副乡长亦须报县人民政府批准任命)。乡长及委员产生后,即行建立乡人民政府及其委员会。乡人民政府委员会除正副乡长各兼一委员外,可设委员5至7人,分管民政、财政、生产、武装、公安、文教等事宜。委员成分,贫雄农必须占三分之二,吸收三分之一的中农和贫"
minzhengzhi_aa,m-77,废除旧乡保,"7人,土匪自新316人,收缴枪支1000支。,1950年夏秋间,苍溪县人民政府根据上级指示精神和本县情况发布了《关于彻底","政权,建立乡村人民政府的指示》,指出,在减租运动前彻底废除旧乡保政权,取消旧保甲制度,暂以现行乡保区划建立人民民主的新政权;现任乡保长,一律调县学习一到二个月,再按其立功情况分别先后处理g旧的乡保人员调县后,由乡农代会选举正、副乡长,乡人民政府委员暂不选举,由乡长提名经县人民政府批准充任(选出之正副乡长亦须报县人民政府批准任命)。乡长及委员产生后,即行建立乡人民政府及其委员会。乡人民政府委员会除正副乡长各兼一委员外,可设委员5至7人,分管民政、财政、生产、武装、公安、文教等事宜。委员成分,贫雄农必须占三分之二,吸收三分之一的中农和贫苦知识分子参加(农会主席一般应选为委员),乡人民政府脱离生产的工作人员以5个为限(正、副乡长,农会主席,自卫队指导员,通信员),但现有区域较大,工作繁锁,可酌情多设脱离生产人员!一5人;乡以下,即以原来之保改设村,村必取代表制,村代表由农代会或农民大会选举,按每"
minzhengzhi_aa,m-77,乡保长,"立乡村人民政府的指示》,指出,在减租运动前彻底废除旧乡保政权,取消旧保甲制度,暂以现行乡保区划建立人民民主的新政权;现任",",一律调县学习一到二个月,再按其立功情况分别先后处理g旧的乡保人员调县后,由乡农代会选举正、副乡长,乡人民政府委员暂不选举,由乡长提名经县人民政府批准充任(选出之正副乡长亦须报县人民政府批准任命)。乡长及委员产生后,即行建立乡人民政府及其委员会。乡人民政府委员会除正副乡长各兼一委员外,可设委员5至7人,分管民政、财政、生产、武装、公安、文教等事宜。委员成分,贫雄农必须占三分之二,吸收三分之一的中农和贫苦知识分子参加(农会主席一般应选为委员),乡人民政府脱离生产的工作人员以5个为限(正、副乡长,农会主席,自卫队指导员,通信员),但现有区域较大,工作繁锁,可酌情多设脱离生产人员!一5人;乡以下,即以原来之保改设村,村必取代表制,村代表由农代会或农民大会选举,按每甲选代表!人,村设代表主任!人,,代表主任可半脱产负责处理全村日常事务;村以下,即原来之甲,改为居(村)民小组,每组选代表1人,不脱离"
minzhengzhi_aa,m-77,调县学习,"府的指示》,指出,在减租运动前彻底废除旧乡保政权,取消旧保甲制度,暂以现行乡保区划建立人民民主的新政权;现任乡保长,一律","一到二个月,再按其立功情况分别先后处理g旧的乡保人员调县后,由乡农代会选举正、副乡长,乡人民政府委员暂不选举,由乡长提名经县人民政府批准充任(选出之正副乡长亦须报县人民政府批准任命)。乡长及委员产生后,即行建立乡人民政府及其委员会。乡人民政府委员会除正副乡长各兼一委员外,可设委员5至7人,分管民政、财政、生产、武装、公安、文教等事宜。委员成分,贫雄农必须占三分之二,吸收三分之一的中农和贫苦知识分子参加(农会主席一般应选为委员),乡人民政府脱离生产的工作人员以5个为限(正、副乡长,农会主席,自卫队指导员,通信员),但现有区域较大,工作繁锁,可酌情多设脱离生产人员!一5人;乡以下,即以原来之保改设村,村必取代表制,村代表由农代会或农民大会选举,按每甲选代表!人,村设代表主任!人,,代表主任可半脱产负责处理全村日常事务;村以下,即原来之甲,改为居(村)民小组,每组选代表1人,不脱离生产?。52"
minzhengzhi_aa,m-77,乡保人员,"消旧保甲制度,暂以现行乡保区划建立人民民主的新政权;现任乡保长,一律调县学习一到二个月,再按其立功情况分别先后处理g旧的","调县后,由乡农代会选举正、副乡长,乡人民政府委员暂不选举,由乡长提名经县人民政府批准充任(选出之正副乡长亦须报县人民政府批准任命)。乡长及委员产生后,即行建立乡人民政府及其委员会。乡人民政府委员会除正副乡长各兼一委员外,可设委员5至7人,分管民政、财政、生产、武装、公安、文教等事宜。委员成分,贫雄农必须占三分之二,吸收三分之一的中农和贫苦知识分子参加(农会主席一般应选为委员),乡人民政府脱离生产的工作人员以5个为限(正、副乡长,农会主席,自卫队指导员,通信员),但现有区域较大,工作繁锁,可酌情多设脱离生产人员!一5人;乡以下,即以原来之保改设村,村必取代表制,村代表由农代会或农民大会选举,按每甲选代表!人,村设代表主任!人,,代表主任可半脱产负责处理全村日常事务;村以下,即原来之甲,改为居(村)民小组,每组选代表1人,不脱离生产?。52"
minzhengzhi_aa,m-78,训练,"根据上述精神,于是年9月前,普遍藩顿了乡村农协会,清洗内部不纯分孔,庞除旧的乡保甲制度;域训共乡、保长","改造。第一批调426名,第二批117叶,于1951年1月3日训完。调训后,按共罪恶轻重及改造好坛,采取分别处理的办法,对一批罪大恶极分子予以枪诀和判刑,其余一大批放出家生产。结合清匪.反霸、减租、退押运动,还培养了一批农民积极分子,被选入参加乡村政权工作。1950年12月底,一、二、三、六区乡村干部配齐,四、五、七、八区划分的新乡,其干部于1951年2月配齐。在清匪、反霸、减积、退押运动中,减租果实,粮为594.35万斤;退押林实,粮为6477167斤及部分黄金、白银反霸果实,粮为30.33万厂及部分黄金白银。以上称为建国后的第一次建政。在乡(镇》、村政权建立后,因尚未进行士改,地主阶级还存在,乡村政权中仍混有兵瘢、二流子和地主的狗膈子,地主及乡保长仍能从中左右人民政权。鉴于此,1951年3月开始,县分三批举办了乡村干部轮训班,共轮训1258人。通过教肌培养和审静清洗,初步纯洁了组织,为土"
minzhengzhi_aa,m-78,调训,"洗内部不纯分孔,庞除旧的乡保甲制度;域训共乡、保长训练改造。第一批调426名,第二批117叶,于1951年1月3日训完。","后,按共罪恶轻重及改造好坛,采取分别处理的办法,对一批罪大恶极分子予以枪诀和判刑,其余一大批放出家生产。结合清匪.反霸、减租、退押运动,还培养了一批农民积极分子,被选入参加乡村政权工作。1950年12月底,一、二、三、六区乡村干部配齐,四、五、七、八区划分的新乡,其干部于1951年2月配齐。在清匪、反霸、减积、退押运动中,减租果实,粮为594.35万斤;退押林实,粮为6477167斤及部分黄金、白银反霸果实,粮为30.33万厂及部分黄金白银。以上称为建国后的第一次建政。在乡(镇》、村政权建立后,因尚未进行士改,地主阶级还存在,乡村政权中仍混有兵瘢、二流子和地主的狗膈子,地主及乡保长仍能从中左右人民政权。鉴于此,1951年3月开始,县分三批举办了乡村干部轮训班,共轮训1258人。通过教肌培养和审静清洗,初步纯洁了组织,为土地改革奠定了组织基础。1951年11月至1952年4月,全县进行土地改"
minzhengzhi_aa,m-78,乡保长,"第一次建政。在乡(镇》、村政权建立后,因尚未进行士改,地主阶级还存在,乡村政权中仍混有兵瘢、二流子和地主的狗膈子,地主及","仍能从中左右人民政权。鉴于此,1951年3月开始,县分三批举办了乡村干部轮训班,共轮训1258人。通过教肌培养和审静清洗,初步纯洁了组织,为土地改革奠定了组织基础。1951年11月至1952年4月,全县进行土地改革。在这一翻天覆地的运动中,人民群众晏遍发动起来,真正实现了人民当家作主。土改结束时,由工作团领导进行第二次民主建政。此次建政,是在土地改革中巳培养锻炼出大批农民骨干、积极分子的旁础上,召开乡农民代表大会,选举产生乡人民政府的组成人员。每乡选举乡长1人、副乡长1至2人、自卫队长1人、财粮委员1人,聘请文书1人(以上均为脱产人员)及民政、文教、卫生、治安等委员,大的场镇与城关街设工商委员(以上均为不脱产人员)。上述成员中,贫雇农占三分之二,中农占三分之一。正副乡长选出后,经区审查报县批准任命。第二次民主建政后,全县有乡(镇)的脱产干部835人,其待遇为铁人每月150厂大米。此时的乡干"
minzhengzhi_aa,m-96,联保,"不到证明,也就领不到优待金。民图28年(1939年),苍溪县政府依据上级精神,制定了征居《代耕队纽织法》规定县长、区长、","主任、保长、甲长分别任代耕总队长、区队长、中队长、分队71"
minzhengzhi_zl,z-108,训练,"干部中,约四分之一的于部是退伍军人,给群众自治性组织增添了活力。民兵骨干。复员退伍军人,都经过战争的考验或接近实战的系统",",回乡后,他们积极投入民兵建设。50年代初至60年代中期,全县乡一级的民兵干部和村(大队的民兵逊排长中的绝大多数由复退军人担任。腾着退伍军人的数量增大,在70年代、80年代,退伍军人更成了民兵组织的骨干力量。他们把解放军的好思想、好传统、好作风和军队现代化的各种知识传授给民兵,为使民兵建设限上时代的发展作出了贡献。科技骨二。复退军人知识面广,特别是在部队经过“两用人才“的系统训练,思想解放,接受新鲜事物快,对苍溪工、农、林、牧、副、渔和交通、邮电、水利、文化、饮食服务等各行各业注入了新的血液-尤其是坊农村科技致富方面发挥丁骨干作用。扶持致富复退军人回到农村后,党和政府为他们创造和提供发展生产,劳动致富的条件。50年代初,国家拿出大笔资金扶持其发展生产。人民公社化以后,由于生产组织形式和农业生产的单一化,限制了他们的积极性,因而股招工选城,跳出“农门,有的目的达不到,就消极等待国家补助救济。"
minzhengzhi_zl,z-11,联保,"e古县变还..000eeeeee令县摸城.2第三节“行政区刘.82》民国前行政区刑e32固保区刘02e3大茹维振区刑03","、乡(镇)保区划.38》1"
minzhengzhi_zl,z-12,联保,"建设…...00000000eeeeeeeeeeeeeeeeeeeeeeeeeee《9第一节“乡保放权…《9》固侯制《9","翘50弘多侯制.50第二节“苏维埃政权…《50》建立政权经过…C50》政权机构及犬员…主要政策探施…《》第三节“乡(镇)人民政权.C52》多村民主建政…C52》普选建乡政权…5》大氓公社0标一政社分诱.水)第四节群众自治组织.《55》村民委员会0《56》屠民委员会.《657)第五节基层迹举0000《57)乡民昝坏`王民1J〈薯崔釜^…..'……………………""“""""”""""""""……""""""……………(晕S7)农民代裘大会.《》吝r界/义民釜(〈皇'羞'z菩i叠(.....′.""...…………'′...′.'′′.′′′'.′.…….′....′...'.…""-…(…、…g)大民代表央会《58)第四章“囊扬扳恤00040400(62第一芸褐扬觊士0(62》棣碑修墓0《62)i羞(〈j'亡妾偏逞茗…!】寅〉)[蒽′.'〉..^....′.′′...………………………′....′.^.._′""-.""."
minzhengzhi_zl,z-164,训练,"9230第三节_立功军人名录1950年至1957年,苍浩县人民政府先后收到在抗日战争、解放战争、抗美援朝战争中,以及战备","、国防施工,支援朝鲜人民重建家园中,作出了特殊贡献的445名苍浩县籍立功军人的立功喜报。各级政府接到喜报后,制作了《人民功臣》厦、慰问品,148"
minzhengzhi_zl,z-23,训练,"|5月“国民党的别动队及地主还乡团陆续返苍,大肆《清乡》剜杀苏维埃干部及红\军家属,推广《新生活》运动,","乡、保、甲长,建立5个区,下设36个联保办事处,辖保、甲。7月改组县政府,设三科两处一室一部。一科管民政、农事。10月县成立禁烟(鸭片)委员会,附设珑烟所,各区设分所。是月“苍溪民工!万人,自带口粹、工具,参加修筑川陕公路神宣驿一段,翌玖夏完工,死伤民工甚多。,民国25年〈1986年》…是年真、夏早180天,未插秘,溪沟断流,夏粮无收。秋,县内组织饥民请愿团,,推举者老黄耸五为代表上省请愿,要求拨款赛济灾民并豁免税款。其间,在成都的苍溪人士陈维新面见省主席刘渡陈述,免除了全年赋税。民国26年(1937年》2月24日_飓风侵袭苍溪,灾民17万。紧接砻大早。大饥,村村有人饿死,并多处发生人食人肉惨剧。县城开稀饭厂两处,每日供应两餐稀饭给灾民。7月成都慈幼协会陈铁生来苍教灾,在苍中校内成立《成都慈幼协会苍溪县灾童收容所“收容7至14岁儿童500多人。,民国27年(1938年)县政府由三科增为五科"
minzhengzhi_zl,z-23,联保,"地主还乡团陆续返苍,大肆《清乡》剜杀苏维埃干部及红\军家属,推广《新生活》运动,训练乡、保、甲长,建立5个区,下设36个","办事处,辖保、甲。7月改组县政府,设三科两处一室一部。一科管民政、农事。10月县成立禁烟(鸭片)委员会,附设珑烟所,各区设分所。是月“苍溪民工!万人,自带口粹、工具,参加修筑川陕公路神宣驿一段,翌玖夏完工,死伤民工甚多。,民国25年〈1986年》…是年真、夏早180天,未插秘,溪沟断流,夏粮无收。秋,县内组织饥民请愿团,,推举者老黄耸五为代表上省请愿,要求拨款赛济灾民并豁免税款。其间,在成都的苍溪人士陈维新面见省主席刘渡陈述,免除了全年赋税。民国26年(1937年》2月24日_飓风侵袭苍溪,灾民17万。紧接砻大早。大饥,村村有人饿死,并多处发生人食人肉惨剧。县城开稀饭厂两处,每日供应两餐稀饭给灾民。7月成都慈幼协会陈铁生来苍教灾,在苍中校内成立《成都慈幼协会苍溪县灾童收容所“收容7至14岁儿童500多人。,民国27年(1938年)县政府由三科增为五科,即民政、财政、教育、建设、兵律科,后又"
minzhengzhi_zl,z-24,543,"。4月22日至26日“大雨,山洪暴发,洪水跟涨,田未多被冲刷倒毁。是年小麦道黑穗病、水稽遍蜓虫危害面积40万亩,损失产量",".79万厂。民国35年(1947年)5月成立<苍溪县在乡军官分会,国民党军官58名参加该会。6月25日大雨数日不止,山洪能发,江水暴涨,省水灾煜济会先后汇来小本责款法币3000万元。11月实行所谛《民选“,县内党派势力、土豪劣绅争夺权利,人事纠绛加剧。为缓和矛盾,全县增划为20个乡(镇)、288个保、3153个申。民国38年(1949年)。3月成立“苏滕县救济院,收孤儿16人。_是年春、夏150天未下透雨,约20万亩农作物受重灾,准产粮食3000万斤。12月31日“人民解放军解放苍源县。|1950年1月18日苍源县人民政府成立,随即开属民政工作。9月1日,民政科成立,何`芗任科长。2月1日全县建立10个区人民政府。是月19月百余土眈抢劫第五区(歧坪)人民政府,区民政委员吕宏元牺性。《月根据《共同纲领》规定,苍源县召开各界人民代表会。5月按《中华人民共和国婚姻法》实行婚姬叙记,县民政科和各区"
minzhengzhi_zl,z-24,废除旧乡保,"生产教灾委员会“。由于上年遮受早灾,造成严重春荒。全县发放小麦等粮食83.4万斤给农民渡荒。8月县人民政府发布《关于彻底","政权,建立乡村人民政府的指示》。9月苍溪县复员委员会成立,并接收人民解放军第一批复员军人。8"
minzhengzhi_zl,z-35,训练,"户就业。当年,民政局无偿拨款15.5万元,使用周转金13万元,银行责款25万元给予扶持。【6月27日民政局开办婚姻登记员","班,给考试合格者颁发了《婚姻登记员证书》,规定领证者方有权进行婚姻登记。7月1日起,领结婚证时,同时发给贴本人头像.的《夫妻关系证明书》,作证明夫妻身分用,如巳婚者要求办此证,可凭结婚证补发。是月“对烈士、因公牺牲、病故军人家属中无劳、缺劳、无固定收入生活低于当地群众水平的,自当年1月起,由定补改为定期抚饲并颁发定期抚饲证,原未享受定补的“三属“也抚伽,抚蚀面和金额比原定期定量补助增大。11月30日至12月2日县人民政府召开《扶贫扶优“和《青年帮户劲耕“先代会,表彰先进集体和先进个人。是月“经地、县决定,建立苍溪县光荣院。投资23万元,建三楼一底宿含及食堂、浴室等附属设施。年底破土动工。安置优抚对象中的孤老,使之欢度晚年。19"
minzhengzhi_zl,z-41,训练,"(1935年),县政府一科主答民政工作时,其职能是办理行政区划、选举事务、整顿保甲、人事任免、水陆公安、防空、兵役、军政","、禁烟菲毒、医药卫生、优待抚恤、赚灾教济、宗教礼俗、社团登记、慈善感化、工役、地政、仓借积谷、寺庙财产管理监督、名胜古迹古物调枢、保管乡镇道产、婚丧管理、民政事务及起草、掌理县政府文件、书信等。25"
minzhengzhi_zl,z-54,联保,"亮“子“口亭“子“乡三乡苏维埃自“桥“坝自“桥“乡四乡苏维埃石“城“场剑阚县太平乡考观区苏维埃老“观“场辖9个乡苏维埃|","、乡(镇)保区划民国24年(1935年夏,蒋介石的中央势力入川,取消军阀防区制。县以下设区分保,划全县为五个区,即一区(治地城厢),二区(治地歧坪),三区(治地龙山),四区〈治地东溪),五区〈治地三川)。全县共设36个联保办事处,203保。民国25年(1936年)夏,5个区并为3个区,36个联保改为36乡,即:东北、西南、云峰、五里、伏公、槐树、回水、五龙、永宁、小浙、鸵溪、东青、马栖、六鸣、禅枝、蟠龙、玉树、三川、新观、龙王、雉河、石门、唤马、元坝、王渡、白庙、漓江、歧坪、石桥、东溪、高黄、文运、岳东、石马、龙彭、双河等乡,分别隶属于三个区署。是年,\全县有人口229558人,25953户。民国26年(1937年)底,将36乡并为30个乡。即,一区(治地县城)辖:城厢、回。38|"
minzhengzhi_zl,z-56,废除旧乡保,".三区(五龙》、四区(三川》、五区(歧坪》、六区(东溪》、七区〈龙山7。6月,川北区党委指示,年底前结合喜(租)退(押)",",建立新、村。<1951年1月,增划第八区(元坝),并就全县自然地势,废旧乡,新划为58个乡、1街和524村(实际于1950年底巳划分完毕,此时上级才正式批准)。一区辖城关街及城郊、镇水、槐树、回水、云峰、王渡、五里、六包8乡、1街、73村;区政府先设城隍庙,后迁刘家巷。二区辖东青、马桑、蠕龙、禅林、八庙、七树6乡、36村;区政府设东岳庙。三区辖:五龙、永宁、白垭、白鹤、浙水、伏公、敲楼7乡、72村;区政府设五龙场。四区辖,三川、龙王、雍河、新观、两河、复兴、小新7乡、42村;区政府设三川场。五区辖,歧坪、南阳、白庙、烟峰、溶江、土鲤6乡、80村!区政府设歧坪场。六区辖,东溪、桥溪、田菜、大石、石灶、高坡、土门、黄猫、岳东、文林10乡、83村;区政府设东溪场。七区辖,龙山、彭店、石马、双河、河地、柏杨、文昌、运山8乡、92村;区政府设龙山场。八区辖,元坝、石门、唤马、中士、店子、张王6乡、"
minzhengzhi_zl,z-65,联保,"第三章基层政权建设第一节乡保政_权“晚清、民国的基尸政权,其组织形式,经历了团保制、","制、乡保制。其变化实质,在于强化对人民的统治。v团“保“制清嘉庆年间(1799一1820年),自莲教农民起义军部属阮正隆、张权潮、包正渊、高德均、冉天元等先后进入县境,历时五六年。清王朝严饭编查保甲,照式比户悬挂门牌,开载详细,寓团练于保甲之中,《坚壁清野,聚寨防守,以御农民起义军。道光二十八年(1848年),邑令泽宽详编联保甲,在各乡场设场头(管场内之事》、客总〈管场外之事),又复整顿县中囡练保甲,以镇压人民起义。光绪元年(1875年),县令毛隆恺重新整顿团练保甲,使保甲团练融为一体,<保甲联于无事之日,囡练用于有事之时“》。于县城设保甲总局。划清保址,就地成团,设保正、甲长,照络门牌。康、观、寺、院编造无遗。对流民,注明无业字样附于牌尾,以示区别;客店往来客旅,问明米历注簿;平时保甲盘请严密,有事囡练会团免搞。此举曾获府完《嘉奖“,并将新订章程,转发所属州县。二十六年(1900年)钦伟"
minzhengzhi_zl,z-66,训练,"。1935年5月,红军撒离苍溪,蒋介石“统一川政“,取消防区制,图民党别动队与地主还乡团大肆“清乡“,推广《新生活运动,","保甲人员。6月,各区设区署,置区长1人,管理全区事务,下设区员冰干,雇员若干。全县203保,设36个联保办事处,各设联保主任一人。始年,划全县为「36乡,各乡由县委派联保主任1人,等理全乡事务,下设队附!人,负责武装训练,干事若于人。联保以下,设置保长、队附等。保以下设置甲长,直接管理民众。乡保“制民国29年(1940年),四川改行《新县制?《即地方自治),实行所谓管教养卫合一。《管“即清查户口,监视居民言行;“教“即宣传国民党的党化教育;“养“即摊派各种苛捐杂税;“卫“即组织地方武装。撒销区署,改设区指导员,指导全区工作。播销乡的联保办事处和联保主任,改设乡(镇)公所,设正副乡(镇)长,乡(镇)队附及分管民政、经济、文化、总务等机构及干事若干,乡丁三五十人,管理全乡保甲事务,并规定,“《乡、镇公所直属县政府,承县政府监督指挥,受该管区署之督导,办理本乡镇各项行政及自治事务,加强县政府的垂"
minzhengzhi_zl,z-66,联保,"广《新生活运动,训练保甲人员。6月,各区设区署,置区长1人,管理全区事务,下设区员冰干,雇员若干。全县203保,设36个","办事处,各设联保主任一人。始年,划全县为「36乡,各乡由县委派联保主任1人,等理全乡事务,下设队附!人,负责武装训练,干事若于人。联保以下,设置保长、队附等。保以下设置甲长,直接管理民众。乡保“制民国29年(1940年),四川改行《新县制?《即地方自治),实行所谓管教养卫合一。《管“即清查户口,监视居民言行;“教“即宣传国民党的党化教育;“养“即摊派各种苛捐杂税;“卫“即组织地方武装。撒销区署,改设区指导员,指导全区工作。播销乡的联保办事处和联保主任,改设乡(镇)公所,设正副乡(镇)长,乡(镇)队附及分管民政、经济、文化、总务等机构及干事若干,乡丁三五十人,管理全乡保甲事务,并规定,“《乡、镇公所直属县政府,承县政府监督指挥,受该管区署之督导,办理本乡镇各项行政及自治事务,加强县政府的垂直领导。第二节苏维_埃政_权苍溪苏维埃政权,先后共存在约一年半时间,并经历了建立一一撒出一一垮复的过|程"
minzhengzhi_zl,z-68,旧乡保人员,"用,逐步改造,为径底废除创造条件;二是以旧的乡为单位成立征植剽匪委员会,由政府派任工作人员或农民积极分子任正副主任,使用","协助征粮工作,号召他们戴罪立功;三是在清匪肃特和征粮运动中,发现和培养积极分子,逐步建立乡农协会,代替旧的乡政权。农协会设正副主席,下设武装队长、文书等。7月,废旧保甲,逐步建立村政府,村设村长、农会主席、民兵自卫队长、妇女代表、文,书等。据不完全统计,上半年清匠肃特巾,共殃灭土匪22人,瓦解土匪527人,士匪自新316人,收缴枪支1000支。1950年夏秋间,苍溪县人民政府根据上级指示精神和本县情况发布了《关于彻底废除旧乡保政权,建立乡村人民政府的指示》,指出;4在减租运动前彻底废除旧乡保政权,_取消旧保甲制庭,暂以现行乡保区划建立人民民主的新政权现任乡保长,一律域县学习一到二个月,再按其立功情况分别先后处理;旧的乡保人员调县后,由乡农代会选举`正、副乡长,乡人民政府委员智不选举,由乡长提名经县人民政府批准充任(选出之正副乡长亦须报县人民政府批准任命)。乡长及委员产生后,即行建立乡人民政"
minzhengzhi_zl,z-68,旧保甲,"肃特和征粮运动中,发现和培养积极分子,逐步建立乡农协会,代替旧的乡政权。农协会设正副主席,下设武装队长、文书等。7月,废",",逐步建立村政府,村设村长、农会主席、民兵自卫队长、妇女代表、文,书等。据不完全统计,上半年清匠肃特巾,共殃灭土匪22人,瓦解土匪527人,士匪自新316人,收缴枪支1000支。1950年夏秋间,苍溪县人民政府根据上级指示精神和本县情况发布了《关于彻底废除旧乡保政权,建立乡村人民政府的指示》,指出;4在减租运动前彻底废除旧乡保政权,_取消旧保甲制庭,暂以现行乡保区划建立人民民主的新政权现任乡保长,一律域县学习一到二个月,再按其立功情况分别先后处理;旧的乡保人员调县后,由乡农代会选举`正、副乡长,乡人民政府委员智不选举,由乡长提名经县人民政府批准充任(选出之正副乡长亦须报县人民政府批准任命)。乡长及委员产生后,即行建立乡人民政府及其委员会。乡人民政府委员会除正副乡长各兼一委员外,可设委员5至7人,分管民政、财政、生产、武装、公安、文教等事宥。委员成分,贫雄农必须占三分之二,易收三分之一的中农"
minzhengzhi_zl,z-68,废除旧乡保,"27人,士匪自新316人,收缴枪支1000支。1950年夏秋间,苍溪县人民政府根据上级指示精神和本县情况发布了《关于彻底","政权,建立乡村人民政府的指示》,指出;4在减租运动前彻底废除旧乡保政权,_取消旧保甲制庭,暂以现行乡保区划建立人民民主的新政权现任乡保长,一律域县学习一到二个月,再按其立功情况分别先后处理;旧的乡保人员调县后,由乡农代会选举`正、副乡长,乡人民政府委员智不选举,由乡长提名经县人民政府批准充任(选出之正副乡长亦须报县人民政府批准任命)。乡长及委员产生后,即行建立乡人民政府及其委员会。乡人民政府委员会除正副乡长各兼一委员外,可设委员5至7人,分管民政、财政、生产、武装、公安、文教等事宥。委员成分,贫雄农必须占三分之二,易收三分之一的中农和贫苦知识分孙参加(农会主席一般应选为委员),乡人民政府脱离生产的工作人员以5个为限(正、副乡长,农会主席,自卫队指导员,通信员),但现有区域较大,工作繁锁,可酌情多设脱离生产人员1一5人;乡以下,即以原来之保改设村,村必取代表制,村代表由农代会或农民大会选举,"
minzhengzhi_zl,z-68,乡保长,"乡村人民政府的指示》,指出;4在减租运动前彻底废除旧乡保政权,_取消旧保甲制庭,暂以现行乡保区划建立人民民主的新政权现任",",一律域县学习一到二个月,再按其立功情况分别先后处理;旧的乡保人员调县后,由乡农代会选举`正、副乡长,乡人民政府委员智不选举,由乡长提名经县人民政府批准充任(选出之正副乡长亦须报县人民政府批准任命)。乡长及委员产生后,即行建立乡人民政府及其委员会。乡人民政府委员会除正副乡长各兼一委员外,可设委员5至7人,分管民政、财政、生产、武装、公安、文教等事宥。委员成分,贫雄农必须占三分之二,易收三分之一的中农和贫苦知识分孙参加(农会主席一般应选为委员),乡人民政府脱离生产的工作人员以5个为限(正、副乡长,农会主席,自卫队指导员,通信员),但现有区域较大,工作繁锁,可酌情多设脱离生产人员1一5人;乡以下,即以原来之保改设村,村必取代表制,村代表由农代会或农民大会选举,按每甲选代表1人,村设代表主任!人,代表主任可半脱产负责处理全村日常事务村以下,即原来之甲,改为居(村)民小、组,每组选代表1人,不脱离"
minzhengzhi_zl,z-68,乡保人员,"取消旧保甲制庭,暂以现行乡保区划建立人民民主的新政权现任乡保长,一律域县学习一到二个月,再按其立功情况分别先后处理;旧的","调县后,由乡农代会选举`正、副乡长,乡人民政府委员智不选举,由乡长提名经县人民政府批准充任(选出之正副乡长亦须报县人民政府批准任命)。乡长及委员产生后,即行建立乡人民政府及其委员会。乡人民政府委员会除正副乡长各兼一委员外,可设委员5至7人,分管民政、财政、生产、武装、公安、文教等事宥。委员成分,贫雄农必须占三分之二,易收三分之一的中农和贫苦知识分孙参加(农会主席一般应选为委员),乡人民政府脱离生产的工作人员以5个为限(正、副乡长,农会主席,自卫队指导员,通信员),但现有区域较大,工作繁锁,可酌情多设脱离生产人员1一5人;乡以下,即以原来之保改设村,村必取代表制,村代表由农代会或农民大会选举,按每甲选代表1人,村设代表主任!人,代表主任可半脱产负责处理全村日常事务村以下,即原来之甲,改为居(村)民小、组,每组选代表1人,不脱离生产“。52"
minzhengzhi_zl,z-69,调训,"根据上述精神,于是年9月前,普遍整顿了乡村农协会,清洗内部不纯分子,废除旧的乡保甲制度","其乡、保长训练改造。第一批谋426名,第二批117名,于1951年1月3日训完。域训后,按其罪恶轻重及改造好坏,采取分别处理的办法,对一批罪大恶极分子予以枪决和判刑,其余一大批放回家生产。结合清匪,反霸\减租、退押运动,迦培养了一批农民积极分子,被选入参加乡村政权工作。1950年12月底,一、二、三、六区乡村干部配齐,四、五、七、八区划分的新乡,其干部于1951年2月配齐。在清匪、反霸、净租、退押运动中,减租果实,粮为594.35万斤退押果实,粮为“6477187斤及部分黄金、白银反霸果实,糗为30.33万斤及部分黄金白银。以上称为建国后的第一次建政。在乡(镇》、村政权建立后,因尚未进行土改,地《主阶级还存在,乡村政权中仍混有兵痧、二流子和地主的狗腹子,地主及乡保长仍能从中左右人民政权。鉴于此,1951年3月开始,县分三批举办了乡村于部轮训班,共轮训1258人。通过教育培养和审查清洗,初步"
minzhengzhi_zl,z-69,训练,"根据上述精神,于是年9月前,普遍整顿了乡村农协会,清洗内部不纯分子,废除旧的乡保甲制度调训其乡、保长","改造。第一批谋426名,第二批117名,于1951年1月3日训完。域训后,按其罪恶轻重及改造好坏,采取分别处理的办法,对一批罪大恶极分子予以枪决和判刑,其余一大批放回家生产。结合清匪,反霸\减租、退押运动,迦培养了一批农民积极分子,被选入参加乡村政权工作。1950年12月底,一、二、三、六区乡村干部配齐,四、五、七、八区划分的新乡,其干部于1951年2月配齐。在清匪、反霸、净租、退押运动中,减租果实,粮为594.35万斤退押果实,粮为“6477187斤及部分黄金、白银反霸果实,糗为30.33万斤及部分黄金白银。以上称为建国后的第一次建政。在乡(镇》、村政权建立后,因尚未进行土改,地《主阶级还存在,乡村政权中仍混有兵痧、二流子和地主的狗腹子,地主及乡保长仍能从中左右人民政权。鉴于此,1951年3月开始,县分三批举办了乡村于部轮训班,共轮训1258人。通过教育培养和审查清洗,初步纯洁了组织,为"
minzhengzhi_zl,z-69,乡保长,"一次建政。在乡(镇》、村政权建立后,因尚未进行土改,地《主阶级还存在,乡村政权中仍混有兵痧、二流子和地主的狗腹子,地主及","仍能从中左右人民政权。鉴于此,1951年3月开始,县分三批举办了乡村于部轮训班,共轮训1258人。通过教育培养和审查清洗,初步纯洁了组织,为土地改革奠定了组织基础。1951年11月至1952年4月,全县进行土地改革。在这一翻天覆地的运动中,人民群众普遍发动起来,真正实现了人民当家作主。土改结束时,由工作囡领导进行第二次民主建政。此次建政,是在土地改革中已培养锻炼出大批农民骨干,积极分子的基础上,召开乡农民代表大会,选举产生乡人民政府的组成人员。钗乡选举乡长1人、副乡长1至2人、自卫队长1人、财粮委员1人,聘请文书1人(以上均为脱产人员)及民政、文教、卫生、治安等委员,大的场镇与城关街设工商委员(以上均为不脱产人员)。上述成员中,贫雄农占三分之二,中农占三分之一。正副乡长选出后,经区审查报县批准任命。第二次民主建政后,全县有乡(镇)的脱产干部835人,其待逼为每人每月150斤大米。此时的乡干"
minzhengzhi_zl,z-87,联保,"不到证明,也就领不到优待金。民国28年(1939年),苍溪县政府依据上级精神,制定了征属《代耕队组织法》规定县长、区长、","主任、保长、甲长分别任代耕总队长、区队长、中队长、分队7"
danganzhi,a-101,训练,"局长兼副倌长一人,股长三人,干事三人;45岁以上二人,35岁至45多的二人,35岁以下三人。县档案馆干部先后在四川省档案","班学习的四人,南充地区档松训练班学习的三人,未经过培训的二人。县档栾局、馆在批思想政治工作,加强精神文明建诱的同时,也注意提高干部的文化水平和业务能力。1980年以来,每周至少以一天时间系统学习业务,从未间断。并把举办县属单位和区、乡档案工作人员训练班作为自身学习的好机会,备课共同备,讲课分头讲,带回问题大家讨论,1982年7月,档植局、馆的四名干部参加南充地区档案局主持的技术职称评审者试时,评出馆员一人,助理馆员二人,管理员一人,1985年县档案局、馆干部除继续坚持每周学习外,有一人进南光电视大学档案珠学习,二人参加逻辑和语言出提学院学习。工资福利“建馆初期,人平工资水平为54元;1978年经过6文化大单命“十年动乱后,正处于捣乱反正,百庞待举的时刻,人平工92"
danganzhi,a-111,训练,"时间到区、乡和县城单位指导档案业刻",",叉要帮助难度大的单位鉴定档案,清理积存文件。有时白天下单位抓业务工作,晚上加班写《档案志》。身教胜于言教。几年来,县档案局、馆,垣固全县开展修志工作,查阅档案资料的人员逐年增多,而工作人员有限,但全体职工都埋头苦干,一个人顶几个人工作,而无怨言。一心扑圭工作上“县档案馆于1978年至1980年修建档案库房和办公用房时,一个从未有过施工经厉的郑治严,愉快地接受了施工任务。他一人承担了抗工程进度、材料供应、劳力安排、收方计件、质量验收、安全检查等工作,无半点怨言。在他的辛勤努力下,团结全体修建人员,保质保量的、安全的完成了修建任务。1981年组织上分配他主管档案柜制作和馆务工作,不仅出色的完成了任务,同时还偷快地协助本单位的有关同志连续举办了几期栗案业务训练班。1984年,全县编史修志进入高渥,县档案馆工作量大增,进馆查阅档案资料的人,经彗保持在30人左右,每天清出调入的档案达四五百卷。以郑"
danganzhi,a-112,训练,"存文件,起草了《文书立卷的步骤和作法》、《区、乡设置桃卷类目的意见3》、《文书档案的质量标准》等业务指导性文件和档案人员","班教材讲座十多篇。正是档桃接收进馆素忙的1984年,陈均儒进行阑尾手术后,又扭伤了脚骨,他不顾伤痛和行走不便,休坚持刹运山乡訾定完1950年至1984年的档案。因劳累过度,伤势加重了,回县到医院打好石膏后。又去岳东、文昌、白岩等乡继续档松鉴定工作。1985年,他在元坝区鉴定档案时,糖尿病复发,汗有因此退缩,坚持搞完全区各乡的档案鉴定后,才回到单位。党委重视“岐坚区委机关,到1977年止,长达26年未进行整理的积存文件,有五文件柜、四背第、三大堆。霁要查找利用时,无从下手,使活宝几乎变成废纸。1977年,区委办公室陈益兴,面对现实,深感责任重大。他根据县委和县档案馆的要求,积极闭区委领导反眺,了全区文书档案工作的现状,并提出改进意见,引起了区委领导的重视。书记张瑞久,区长李廷文先后召开公社党委书记和办公室人员会“议,大队会计会议,对全区清档工作作了统一部署。区委从区级单位和公社共抽调八人,加"
danganzhi,a-49,训练,"人教养院、陆军四十一军特务长","班、国防部预备干部局青年研究会、四川省十四区督察专员公署教育师资训练班、芯溪县地方行政干部训练所、苍溪县民众自卫组训干训班等单位的资料所组成。主要内容是,同学通讯录、纪念册、同院录、教职员名册等。馆内依熊既定全宗的次序入柜、编号、排列,并同历史资料一起专存一个库房,分柜保管。附,芯溪县档案馆历史档案全宗划分表(见下页)现行档案“建国后的1950年至1956年9月这段时间,县委、县人委(县政府)领导在有关的大小会议上,蛭一再强调档桃工作的重要性,但因缺乏严密的组织措施和健全的档案工作制度,因而在机关文书的立卷、归档和管理方面,休存在混乱现象。1956年10月,中共萄溪县委、县人委机关档案室建立后,县属各单位也陆续建立了栾栾宦,一般都有专职或兼职人员管理这一工作。首先在县人委的一些部门试行文书处理部门立卷归档的办法,确定了民政、财政、卫生、手管、人事、文化教育等13个科、室、委、局为立卷单位。"
danganzhi,a-50,训练,"全宗(税捐处、征收处)?卷同学录,国民党陆军军官学校、青年军预备十校通讯录、中训团2512军总队、军政部陆军41军牺务长","班、国防部预备干校、肯|0卷年研究会、苍源中学、城厉中心国民学枫.历届毕业生同学录、十四区师训班教职员通讯录、阅中省中同学录红"
danganzhi,a-85,训练,"、办公室人员责任制、业务指导人员责任制、馆务人员责任制和考勤制度等。第二节培。训建馆时,有档案干部2人,先后都经过省栗案","班培训。1973年以后调到县栗案局、档案馆的7个同志,有4人参加了省档训班的学习,1人参加了地区栾桃班的培训,!人在南充电大档案班学习。1980年后,县档案局、馆的干郭,每周还以半天时间集体学习业务,先后学习了k文书学》、《栗桥管理学》,《档案工作基本知识讲稿》、k科技栗案基本知识讲稿》、《机关档案工作指南》、《档栾保护技术学》、《档案史料编篱学》等,使大家具备了一定的档案业务知识和实际工作能力。1983年按国家标准考校后,有一人评定为馆员,二人评定为助理馆员,一人评定为栗棠管理员。对机关档桃室的业务培训,1977年以前采取以会代训的方法进行学习。1979年,先后在县、区办训练班四次,培训档桃人员67人,参加学习的同志掌握了立卷的基本要求和方法。从1980年起,针对基层档案人员变动大、新手多的特点,采取每年转训一次,由各区、各系统(或主管局)自己举办短训班,兵粥棠局派人进行业务辅导。每期7"
